Window Size, Global accuracy, Activity Meal_Preparation, Activity Relax, Activity Eating, Activity Work, Activity Sleeping, Activity Wash_Dishes, Activity Bed_to_Toilet, Activity Enter_Home, Activity Leave_Home, Activity Housekeeping, Activity Respirate
10, 0.5690488949890882, 0.6456143812052475, 0.8594555685279678, 0.4593287964041459, 0.7790711265420112, 0.9093956906814494, 0.1325051890931352, 0.6757593184884397, 0.6522420405255265, 0.4239157543266396, 0.1510942483268987, 0.5711557307585082
20, 0.6397979862750581, 0.7015450074546827, 0.8801524110022694, 0.5694418886274263, 0.8537660781819373, 0.926630342396435, 0.19043714968481484, 0.7521809802520798, 0.6907617616534553, 0.513739271114987, 0.16548499422322385, 0.7936379644343282
30, 0.6727186131982946, 0.7464457712120592, 0.8861954762337962, 0.6351943504787353, 0.873225136121917, 0.9364527642166781, 0.252233616913362, 0.786641646114972, 0.6626628343288182, 0.5485740421342281, 0.17567544597569823, 0.8966036614509765
40, 0.6899488649997711, 0.7722210524416089, 0.8863099458075945, 0.6655813760367645, 0.8814352312230902, 0.9384610160365163, 0.31200640816298975, 0.7872424293032669, 0.6734073774000449, 0.5728779897234373, 0.18174145093968125, 0.9181532379224869
50, 0.6988830822333381, 0.7905078924767954, 0.8846797002986146, 0.692096344864056, 0.885056578157738, 0.9393542311617111, 0.3610612239150893, 0.7524629814435575, 0.6722436335422213, 0.592182003416194, 0.1882048410954591, 0.9298644741952806
Average, 0.6540794883391101, 0.7312668209580788, 0.8793586203740485, 0.6043285512822255, 0.8545108300453388, 0.930058808898558, 0.24964871755387824, 0.7508574711204632, 0.6702635294900132, 0.5302578121430971, 0.17244019611219225, 0.821883013752316
