Window Size, Global accuracy, Activity Meal_Preparation, Activity Relax, Activity Eating, Activity Work, Activity Sleeping, Activity Wash_Dishes, Activity Bed_to_Toilet, Activity Enter_Home, Activity Leave_Home, Activity Housekeeping, Activity Respirate
10, 0.4626800425792467, 0.898569342694558, 0.9599675729610917, 0.288034273033828, 0.5593135065414752, 0.8278629937027617, 0.06624545039791445, 0.34901835881905574, 0.4549958174282628, 0.30514956969451373, 0.07065575461514559, 0.309667828483107
20, 0.48138244501348426, 0.9139231366036572, 0.964712279615269, 0.3041270211542889, 0.5684116912897202, 0.8475318529192407, 0.07306062405315736, 0.33138608975735356, 0.5175387268216788, 0.3567198448519128, 0.06580327204470034, 0.3519923560373478
30, 0.48749502194599625, 0.9191676412572539, 0.9682468843329005, 0.3150073744152369, 0.5854781407156722, 0.8460284678066499, 0.07496781161006634, 0.33990724953964074, 0.5311710383494606, 0.3720585766177814, 0.0642699480374646, 0.34614210872383083
40, 0.4995365618073492, 0.925033266564577, 0.9691821242120666, 0.32240686318179074, 0.5894374276165524, 0.8476537555974334, 0.0770721544254761, 0.3693027706877824, 0.539720281489016, 0.38421211160416874, 0.06326841088028848, 0.4076130136216888
50, 0.5058457695929607, 0.9256538513575103, 0.9694764278855365, 0.3294839848469163, 0.5954567616727693, 0.842421796351028, 0.07838495786852362, 0.3975800818035926, 0.5427531575218432, 0.4082517135043299, 0.0626965146965589, 0.41214421801395973
Average, 0.48738796818780744, 0.9164694476955113, 0.9663170578013729, 0.3118119033264121, 0.5796195055672378, 0.8422997732754227, 0.07394619967102757, 0.35743891012148504, 0.5172358043220523, 0.3652783632545413, 0.06533878005483158, 0.36551190497598685
