Window Size, Global accuracy, Activity Meal_Preparation, Activity Relax, Activity Eating, Activity Work, Activity Sleeping, Activity Wash_Dishes, Activity Bed_to_Toilet, Activity Enter_Home, Activity Leave_Home, Activity Housekeeping, Activity Respirate
10, 0.7866465267853721, 0.5038996044047128, 0.7733275862061658, 0.8035039474263777, 0.9039103674009578, 0.8866371046786211, 0.6454365063222466, 0.9313898730848346, 0.7968182569998603, 0.7599565683731089, 0.7597067033423184, 0.8885252763998883
20, 0.8411025910148467, 0.5656563486373626, 0.8021857397237785, 0.8574566759255051, 0.9373007854055085, 0.8989446662526921, 0.7616387891039967, 0.9317229688240793, 0.8492672885904768, 0.8138258081580811, 0.8880239475521412, 0.9461054829896931
30, 0.8707611124284002, 0.6213552417932664, 0.811488481156853, 0.8914639732420546, 0.9532209015165989, 0.9105382273968139, 0.8419352677977179, 0.9502590452409054, 0.8576632348171056, 0.8419973248224281, 0.9337201782034835, 0.9647303607251748
40, 0.886595865094411, 0.657948965656684, 0.812934364938808, 0.9073560417198292, 0.9576119225922428, 0.9155715700117277, 0.8867341129498507, 0.956287706277149, 0.8705752978205312, 0.8571452222783252, 0.9597084622446005, 0.970680849548774
50, 0.8971122660693173, 0.6869142985943285, 0.811213751224156, 0.9223137545602826, 0.9625517103070799, 0.918320259599648, 0.9105010900497128, 0.9615046568727402, 0.8715900053462166, 0.8651108072856374, 0.9736509310312034, 0.9845636618914835
Average, 0.8564436722784695, 0.6071548918172709, 0.8022299846499521, 0.8764188785748098, 0.9429191374444776, 0.9060023655879006, 0.8092491532447049, 0.9462328500599417, 0.8491828167148381, 0.827607146183516, 0.9029620444747494, 0.9509211263110027
