Window Size, Global accuracy, Activity Meal_Preparation, Activity Relax, Activity Eating, Activity Work, Activity Sleeping, Activity Wash_Dishes, Activity Bed_to_Toilet, Activity Enter_Home, Activity Leave_Home, Activity Housekeeping, Activity Respirate
10, 0.5238873084004171, 0.898101757856314, 0.9672225818245808, 0.3216480775001604, 0.6845723697949601, 0.9333966296202953, 0.07384102729405492, 0.5310682410029928, 0.552547314596592, 0.2943404367771449, 0.08389660624878978, 0.4221253498887025
20, 0.594811072590954, 0.9236774664266525, 0.9749175972323926, 0.42643047451699545, 0.7841612544786315, 0.9561454236718594, 0.10882800700594386, 0.6310242492465356, 0.5829864166197459, 0.3760725988292128, 0.09124933631394468, 0.6874289741585802
30, 0.6252491610762536, 0.9346112004436392, 0.9760849155262502, 0.49338052455404496, 0.8056201231234846, 0.9640590434650577, 0.14836736545634202, 0.6718052689890968, 0.5409479984886991, 0.4073282928148315, 0.09696194464419236, 0.8385740943331518
40, 0.6389162868282355, 0.9346412409027025, 0.9742436598012768, 0.5257753564394668, 0.8165976740382599, 0.962553452089486, 0.18935811822258283, 0.6705937960252966, 0.5496133761936342, 0.4307983814864455, 0.10039225589586491, 0.8735118440155754
50, 0.6423723419195201, 0.9308421736566987, 0.9728162345206451, 0.5540761090035095, 0.8192906549422109, 0.9614123939776753, 0.22522047456918898, 0.6184967295728167, 0.5476586855287646, 0.4503554021956756, 0.1041802041079857, 0.8817466990395493
Average, 0.6050472341630762, 0.9243747678572014, 0.973056997781029, 0.46426210840283544, 0.7820484152755094, 0.9555133885648747, 0.14912299850962252, 0.6245976569673477, 0.5547507582854871, 0.39177902242066204, 0.09533606944215549, 0.7406773922871117
