Window Sizes,Accuracy
10,0.6851769017155108
20,0.7280942571957798
30,0.7568618567528981
40,0.7729062709514789
50,0.7839745219778405
Average,0.7454027617187016
