Window Sizes,Accuracy
10,0.6475819318291108
20,0.645615438056145
30,0.6465724427515075
40,0.64702727689747
50,0.646853741082801
Average,0.6467301661234068
