Window Sizes,Accuracy
10,0.6948494475373226
20,0.7538114642592741
30,0.7872984477168323
40,0.8106401850730446
50,0.8349225730957063
Average,0.776304423536436
