Window Size, Global accuracy, Activity Meal_Preparation, Activity Relax, Activity Eating, Activity Work, Activity Sleeping, Activity Wash_Dishes, Activity Bed_to_Toilet, Activity Enter_Home, Activity Leave_Home, Activity Housekeeping, Activity Respirate
10, 0.7311356718150335, 0.466165838540525, 0.7365910663661263, 0.7747878914750798, 0.8769361626899869, 0.8506864208627771, 0.6008621553654483, 0.833809757179977, 0.6951027104596867, 0.6970457912044987, 0.6892279311246166, 0.8212766646966457
20, 0.7392704734379956, 0.46512490087305336, 0.7318552445268216, 0.7785245621219885, 0.8745818856066372, 0.8446997707788414, 0.6266121649699621, 0.8378510590863751, 0.7052698912364433, 0.6902993551700597, 0.7436155765907508, 0.8335407968570173
30, 0.7394825015877536, 0.46690327742702775, 0.7321069799539532, 0.784852022736217, 0.8791109071289902, 0.8418824915083917, 0.6269618910629342, 0.8290402074407346, 0.6999067487897117, 0.6676357341157565, 0.7609720000590945, 0.8449352572424784
40, 0.742317239008068, 0.46675604684762834, 0.7333521278506687, 0.7851498884403816, 0.8812258296393605, 0.8367788317446612, 0.6293380655485454, 0.8262301797108096, 0.7053390857154154, 0.6707906361228908, 0.7779544854264847, 0.8525744520419003
50, 0.7463329766616059, 0.4667917378986486, 0.7321510162109749, 0.7874026362804296, 0.879729044066295, 0.8386679095708072, 0.636683929210691, 0.8203516702843766, 0.7119641700250969, 0.6808462946786163, 0.7825201950963978, 0.872554139955332
Average, 0.7397077725020913, 0.46634836031737664, 0.733211286981709, 0.7821434002108193, 0.8783167658262538, 0.8425430848930958, 0.6240916412315162, 0.8294565747404545, 0.7035165212452709, 0.6813235622583644, 0.7508580376594688, 0.8449762621586748
