Window Size, Global accuracy, Activity Fill medication dispenser, Activity Wash DVD, Activity Water plants, Activity Answer the phone, Activity Prepare birthday card, Activity Prepare soup, Activity Clean, Activity Choose outfit
10, 0.6617773308453891, 0.7191489848660161, 0.686060173340881, 0.5665090867436718, 0.5799075674047866, 0.8190942057640351, 0.7132237460756108, 0.46854906704140714, 0.7417258155267055
20, 0.7761891785389914, 0.8154763246597311, 0.7744460599742744, 0.7826198550177088, 0.7959798938081826, 0.8688270757936077, 0.8215385080553743, 0.5308090924364351, 0.8198166185666185
30, 0.8119938335299896, 0.8323101992339051, 0.8140301985478885, 0.8667835688049556, 0.850111740186791, 0.8746476588016691, 0.8408290082246752, 0.5564517832739277, 0.8607865111661045
40, 0.8307824101518599, 0.8226606266164108, 0.8542767887079113, 0.8923380450688319, 0.8640372696357351, 0.8912347172995958, 0.8594954283181162, 0.5821527121402674, 0.8800636934280112
50, 0.8430808983531609, 0.8216441050087384, 0.8599827220018925, 0.9193207328686489, 0.8806421388688255, 0.9091985176280906, 0.8763650191372421, 0.6023678215076997, 0.8751261298041483
Average, 0.784764730283878, 0.8022480480769604, 0.7977591885145696, 0.8055142577007635, 0.7941357219808642, 0.8726004350573996, 0.8222903419622037, 0.5480660952799474, 0.8355037536983175
