Window Size, Global accuracy, Activity Make a phone call, Activity Wash hands, Activity Cook, Activity Eat, Activity Clean
10, 0.8014304812222368, 0.9350250437576175, 0.6606889522219285, 0.8230803037793049, 0.7808604722789576, 0.8074976340733757
20, 0.8693162852148107, 0.9547277649251333, 0.7782514245014245, 0.865089344757151, 0.884941888340564, 0.8635710035497812
30, 0.8870033554479859, 0.9659439644923516, 0.8208741609146326, 0.8777674406724174, 0.8883237987440598, 0.8821074124164682
40, 0.8977525413986118, 0.9350964824649035, 0.873600116244295, 0.8903236193558929, 0.889430930342931, 0.9003115585850365
50, 0.8957910551719517, 0.9292748917748916, 0.8556097844807521, 0.9010312373968284, 0.8893474600955574, 0.9036919021117275
Average, 0.8702587436911193, 0.9440136294829795, 0.7978048876726066, 0.8714583891923189, 0.8665809099604139, 0.871435902147278
