Window Sizes,Accuracy
10,0.6053170807660653
20,0.6977348528265016
30,0.727457711319208
40,0.7491927845250373
50,0.7670462476479752
Average,0.7093497354169574
