Window Size, Global accuracy, Activity Fill medication dispenser, Activity Wash DVD, Activity Water plants, Activity Answer the phone, Activity Prepare birthday card, Activity Prepare soup, Activity Clean, Activity Choose outfit
10, 0.595878631425728, 0.5567089371897505, 0.6684838126770367, 0.5364222077665014, 0.4826656335180292, 0.7800677907925972, 0.6482187813743676, 0.5695256432108053, 0.5249362448767363
20, 0.6890315773488088, 0.634609024310073, 0.7414196255778045, 0.717461762471654, 0.6444557072650184, 0.8085544420326576, 0.7389035650667822, 0.6572356422676944, 0.5696128497987856
30, 0.7165418388787874, 0.6576783889252791, 0.7651030819922616, 0.7951922185867611, 0.6761871990243875, 0.8274962604824528, 0.7333085306153833, 0.6885990606575533, 0.5887699707462215
40, 0.7341186485463015, 0.6617529089986366, 0.805018320650665, 0.8301381317621335, 0.6884353786647087, 0.8363706505811409, 0.7240587587187461, 0.7160243641270977, 0.6111506748672826
50, 0.7493178141997429, 0.6505428542703579, 0.8101129318720011, 0.8615693138937447, 0.6920372173536731, 0.8554303143985192, 0.7459269678927154, 0.7347952403415504, 0.6441276735753818
Average, 0.6969777020798738, 0.6322584227388194, 0.7580275545539539, 0.7481567268961589, 0.6367562271651634, 0.8215838916574736, 0.7180833207335988, 0.6732359901209402, 0.5877194827728816
