Window Sizes,Accuracy
10,0.8653706100177588
20,0.9219793970610514
30,0.9390426497277675
40,0.9464219224379905
50,0.9538844754040621
Average,0.925339810929726
