Window Size, Global accuracy, Activity Make a phone call, Activity Wash hands, Activity Cook, Activity Eat, Activity Clean
10, 0.771545027896264, 0.8158227465036744, 0.6356282908305374, 0.9258323361594275, 0.7007759160959159, 0.7796658498917649
20, 0.8407192910594308, 0.8767074420760727, 0.7456717149623473, 0.9485078151476547, 0.7955068365718664, 0.8372026465392128
30, 0.8504740593824858, 0.8529267473147522, 0.7708434541124668, 0.9570116258912129, 0.8153999457743231, 0.8561885238196736
40, 0.854622105811349, 0.8091424037741174, 0.7982071516176168, 0.9610975826004975, 0.8355982789238338, 0.8690651121406802
50, 0.8371671446080098, 0.7582779475426535, 0.7514521532168591, 0.9687811037018461, 0.8291467478982948, 0.8781777706803957
Average, 0.8309055257515079, 0.822575457442254, 0.7403605529479655, 0.9522460927001276, 0.7952855450528468, 0.8440599806143455
