Window Size, Global accuracy, Activity Fill medication dispenser, Activity Wash DVD, Activity Water plants, Activity Answer the phone, Activity Prepare birthday card, Activity Prepare soup, Activity Clean, Activity Choose outfit
10, 0.6475564606288773, 0.5768294504270832, 0.7237720702694715, 0.5894555786380457, 0.5144573610084446, 0.7860525820207729, 0.7070047185225719, 0.797485205713875, 0.48539471843075377
20, 0.7950983240119848, 0.6605859405496963, 0.8454307482035602, 0.8565715101422645, 0.6864390633171122, 0.8597760544256603, 0.8445941456962505, 0.9362227063768662, 0.6711664233844685
30, 0.8270810958076339, 0.6755971659239713, 0.8849099001598016, 0.923808841333555, 0.7552724634360561, 0.8749047571503121, 0.8298084670156728, 0.9609684556020575, 0.7113787158396445
40, 0.8545771608522402, 0.6938827598145811, 0.8777505650582642, 0.9310218038440287, 0.8361796805089139, 0.8971907362028496, 0.8455892975575925, 0.9675469615790269, 0.7874554822526649
50, 0.8640560645222157, 0.702416287711064, 0.9070894214721262, 0.9355263904049187, 0.8306014127606913, 0.893636654769077, 0.8531505226426471, 0.9680050662971891, 0.8220227601200133
Average, 0.7976738211645904, 0.6618623208852792, 0.8477905410326448, 0.8472768248725625, 0.7245899962062436, 0.8623121569137343, 0.8160294302869469, 0.926045679113803, 0.695483620005509
