Window Size, Global accuracy, Activity Fill medication dispenser, Activity Wash DVD, Activity Water plants, Activity Answer the phone, Activity Prepare birthday card, Activity Prepare soup, Activity Clean, Activity Choose outfit
10, 0.7344463378538759, 0.8109480390299355, 0.7594041750194012, 0.6727996527789506, 0.7035648473436198, 0.85608455960693, 0.7737232377863734, 0.5405984676007418, 0.7584477236650559
20, 0.8772597726488245, 0.9205564811329318, 0.8802235725398944, 0.9152069785419691, 0.8883287398031314, 0.930355470863474, 0.8798926838884593, 0.699408874787974, 0.9041053796327629
30, 0.9040601611002714, 0.934579341014232, 0.904499755860687, 0.9516359275386062, 0.9393433761464453, 0.9364309291345139, 0.9115032198526176, 0.7423687929865179, 0.912119946268553
40, 0.9148287545299676, 0.9442862242812188, 0.9080578547045169, 0.9604089727714291, 0.9491593270473295, 0.9262429158163693, 0.9024232686758392, 0.7891458279913184, 0.9389056449517194
50, 0.9180987121863098, 0.9233836072594193, 0.9190308497327051, 0.9602200212222222, 0.9503686933716592, 0.9367215492433283, 0.925875217904438, 0.8084911145110196, 0.9206986442456884
Average, 0.8697387476638498, 0.9067507385435475, 0.874243241571441, 0.8920543105706352, 0.8861529967424371, 0.917167084932923, 0.8786835256215454, 0.7160026155755144, 0.8868554677527559
