Window Sizes,Accuracy
10,0.9064091375562613
20,0.9363876389217829
30,0.9373243003067279
40,0.9394825658547798
50,0.9387324590088694
Average,0.9316672203296843
