Window Size, Global accuracy, Activity Make a phone call, Activity Wash hands, Activity Cook, Activity Eat, Activity Clean
10, 0.8305661417023253, 0.8196761700973841, 0.7692261568619163, 0.9597761258242331, 0.7440534522215898, 0.8600988035065036
20, 0.889529335908436, 0.7416111208871514, 0.9049198289022383, 0.9781501173890484, 0.8840024050171049, 0.9389632073466366
30, 0.8824302017916892, 0.646445735045939, 0.8881818446347808, 0.9870692693332626, 0.926635552416027, 0.963818607528437
40, 0.8529668461442437, 0.5224622986979967, 0.836361257791269, 0.9880532087355365, 0.941491165056408, 0.9764663004400086
50, 0.8106243353387426, 0.4360682454800101, 0.6815443121693121, 0.9899863208357453, 0.959173889768493, 0.9863489084401518
Average, 0.8532233721770874, 0.6332527140416964, 0.8160466800719032, 0.9806070084235652, 0.8910712928959246, 0.9451391654523474
