Window Sizes,Accuracy
10,0.9405493200164845
20,0.9642193626483513
30,0.9563213668026718
40,0.9572986217777917
50,0.9626725413927233
Average,0.9562122425276044
