Window Size, Global accuracy, Activity Fill medication dispenser, Activity Wash DVD, Activity Water plants, Activity Answer the phone, Activity Prepare birthday card, Activity Prepare soup, Activity Clean, Activity Choose outfit
10, 0.5654637279203862, 0.4591010218923399, 0.6542858130533824, 0.5083653454732879, 0.41663874831101033, 0.7461616564536846, 0.6008737365444662, 0.7286519948772574, 0.4096315067576609
20, 0.6490577028195347, 0.5223924027325414, 0.7120995250280295, 0.6635956118225, 0.5499800163801519, 0.7559159729540811, 0.676553752559249, 0.8638804303606669, 0.44804391071905714
30, 0.672370231038584, 0.5526142452400971, 0.7250367187167583, 0.7355345305079679, 0.5684701178973308, 0.7869803254318714, 0.652237384523499, 0.9053294612990733, 0.45275906469207455
40, 0.6886704415333723, 0.5585093709374549, 0.7643507925322931, 0.7779242774984937, 0.5805860720729666, 0.7917582549560102, 0.6290683624224626, 0.932567693790555, 0.4745987080567423
50, 0.7007100144726818, 0.541594808895241, 0.7668340442287768, 0.8105612395582981, 0.5700584381393863, 0.8098695713023322, 0.6493436165430226, 0.9445778013331291, 0.5128405957812683
Average, 0.6552544235569118, 0.5268423699395348, 0.7245213787118481, 0.6991962009721095, 0.5371466785601692, 0.7781371562195959, 0.6416153705185399, 0.8750014763321363, 0.45957475720136054
