Window Size, Global accuracy, Activity Make a phone call, Activity Wash hands, Activity Cook, Activity Eat, Activity Clean
10, 0.8953814184118796, 0.9682135470926454, 0.8701649369251664, 0.890520382130622, 0.8660096653506472, 0.8819985605603179
20, 0.9546460826433026, 0.9736608174463584, 0.9393808502835383, 0.9070388735388702, 0.9636278731714887, 0.9895219987762586
30, 0.9552160901859139, 0.961720236677667, 0.9433882153231998, 0.9117333678013289, 0.968602366926713, 0.9906362642006613
40, 0.9586517206231739, 0.9703601953601956, 0.9330180037484308, 0.9323012272362463, 0.9732483769453459, 0.9843307998256512
50, 0.9538441363990021, 0.9748319327731092, 0.9146500611431962, 0.9283924100207018, 0.9631866807470901, 0.9881595973109141
Average, 0.9435478896526546, 0.9697573458699951, 0.9201204134847064, 0.9139972521455538, 0.946934992628257, 0.9669294441347607
