Window Size, Global accuracy, Activity Make a phone call, Activity Wash hands, Activity Cook, Activity Eat, Activity Clean
10, 0.7954517685108723, 0.8458173528246355, 0.6961258065605891, 0.956481670630855, 0.7708715675356983, 0.7079624450025825
20, 0.8551139062352233, 0.8822555506026191, 0.7785576596631163, 0.9645340195689945, 0.8249620447623924, 0.825260256578994
30, 0.8655826657999925, 0.851749855881495, 0.836114749975504, 0.9763898516964374, 0.8419771368767958, 0.8216817345697309
40, 0.8652416732591203, 0.8431854309843743, 0.8082651268234322, 0.9755247404185734, 0.8675034864337932, 0.8317295816354291
50, 0.8554390701947415, 0.8160714609570444, 0.7600367175927999, 0.9811619111867668, 0.8674576940905494, 0.8524675671465468
Average, 0.84736581679999, 0.8478159302500335, 0.7758200121230883, 0.9708184387003256, 0.8345543859398458, 0.8078203169866566
