Window Sizes,Accuracy
10,0.8730758026475746
20,0.9125738524465989
30,0.9207195744233146
40,0.9212432691756888
50,0.9247763471999374
Average,0.9104777691786229
