Window Size, Global accuracy, Activity Make a phone call, Activity Wash hands, Activity Cook, Activity Eat, Activity Clean
10, 0.8354028068318173, 0.9656230940248223, 0.7394088659980356, 0.8726230292371551, 0.8268946723717002, 0.7724643725273731
20, 0.8876700309433214, 0.965233078231928, 0.8398478997316208, 0.9064265498795947, 0.8481558009967957, 0.8786868258766679
30, 0.909316594018132, 0.9667452629610602, 0.8947512922285419, 0.9128571680911965, 0.878848527666198, 0.893380719143664
40, 0.9071440075461995, 0.9594330372692441, 0.868639274751985, 0.9276546105094189, 0.8950683824099046, 0.8849247327904445
50, 0.9143893176702333, 0.9752777777777778, 0.8792556948461705, 0.931238395930901, 0.8850408379853834, 0.9011338818109346
Average, 0.8907845514019407, 0.9664624500529664, 0.8443806055112708, 0.9101599507296534, 0.8668016442859964, 0.8661181064298168
