Window Size, Global accuracy, Activity Make a phone call, Activity Wash hands, Activity Cook, Activity Eat, Activity Clean
10, 0.8567705383952788, 0.9322004828976478, 0.7907162014971985, 0.8601513694480495, 0.8080835648249147, 0.8927010733085836
20, 0.9331925171590398, 0.9562878809855956, 0.9255831421399756, 0.8812377162062537, 0.9356572399882547, 0.9671966064751197
30, 0.9461555175805824, 0.9447127872127872, 0.9361461379573726, 0.8991729195962206, 0.9629323826190248, 0.987813360517506
40, 0.9462978779604482, 0.9352503052503053, 0.9246848377297925, 0.9119567085142906, 0.9652269220868469, 0.9943706162210058
50, 0.9449402851725166, 0.9175000000000001, 0.9138008557701653, 0.92163112907969, 0.9756724885633522, 0.9960969524493757
Average, 0.9254713472535732, 0.9371902912692672, 0.8981862350189008, 0.8948299685689008, 0.9295145196164786, 0.9676357217943181
