Window Sizes,Accuracy
10,0.6326138424391826
20,0.6378959917405441
30,0.6372125875621012
40,0.6371966598533735
50,0.6382254914130645
Average,0.6366289146016533
