Window Sizes,Accuracy
10,0.8142963983798591
20,0.8686920163611574
30,0.8818932638943686
40,0.8928431288308415
50,0.897864829961257
Average,0.8711179274854967
