Window Sizes,Accuracy
10,0.7983410814778565
20,0.8612804047388645
30,0.8667997218013364
40,0.8643709612915448
50,0.85929056789186
Average,0.8500165474402925
