Window Sizes,Accuracy
10,0.8603781391107057
20,0.9339356344948749
30,0.9484557490250628
40,0.9516575806689259
50,0.9602271902446107
Average,0.930930858708836
