Window Sizes,Accuracy
10,0.8953609205433404
20,0.9351328473812094
30,0.9368857080064595
40,0.9477038337356196
50,0.9435205902263835
Average,0.9317207799786026
