Window Sizes,Accuracy
10,0.8567978150024647
20,0.8953676657631817
30,0.9074011256246836
40,0.9127644901413747
50,0.9179213566945487
Average,0.8980504906452506
