Window Sizes,Accuracy
10,0.924481941479975
20,0.9573337373125284
30,0.9566417449170153
40,0.9585402703786448
50,0.9596184401048798
Average,0.9513232268386085
