Window Sizes,Accuracy
10,0.6840732255266142
20,0.8346064412480387
30,0.8653819021833629
40,0.8854640699656906
50,0.8953872396022355
Average,0.8329825757051884
