Window Size, Global accuracy, Activity Meal_Preparation, Activity Relax, Activity Eating, Activity Work, Activity Sleeping, Activity Wash_Dishes, Activity Bed_to_Toilet, Activity Enter_Home, Activity Leave_Home, Activity Housekeeping, Activity Respirate
5, 0.5380034050720386, 0.8664182664351955, 0.9160506963617265, 0.6316309616146206, 0.8608080697524395, 0.8222685793612909, 0.01062947902240161, 0.2909878357218573, 0.7318792712689925, 0.11303264557417947, 0.07834085728635544, 0.5959907933933659
12, 0.537158986909074, 0.9068820275792936, 0.9393655920487995, 0.6525965854222773, 0.8533242465859775, 0.8817576807377447, 0.07877190874690125, 0.23701031324851662, 0.5233359536296763, 0.08890153585574931, 0.1828680971339633, 0.5639349150109144
19, 0.5378647844847225, 0.9012960616766923, 0.9347805726727756, 0.6517902919972007, 0.8293496204870119, 0.8870181934159895, 0.10443119223481681, 0.2580875055736015, 0.3589506986902129, 0.08644830930412874, 0.34009015160561035, 0.564270031673907
26, 0.5234157084238633, 0.8919127156995279, 0.9273980665388045, 0.6422943755021315, 0.8064542151253719, 0.8730177922455956, 0.11749630984242743, 0.21610378970278843, 0.2730994541619944, 0.06043628389980697, 0.39755237194084236, 0.5518074180032048
33, 0.5112032291708503, 0.8813586761131885, 0.9192838865809702, 0.6252970652250737, 0.7859003286440753, 0.8557574966863832, 0.12176330886431268, 0.1866227941803867, 0.23757723692441396, 0.042534945421304635, 0.43140312264110336, 0.5357366595981408
Average, 0.5295292228121097, 0.8895735495007795, 0.9273757628406152, 0.6407218559522607, 0.8271672961189751, 0.8639639484894008, 0.08661843974217195, 0.2377624476854301, 0.424968522935058, 0.07827074401103383, 0.28605092012157496, 0.5623479635359067
