Window Size, Global accuracy, Activity Meal_Preparation, Activity Relax, Activity Eating, Activity Work, Activity Sleeping, Activity Wash_Dishes, Activity Bed_to_Toilet, Activity Enter_Home, Activity Leave_Home, Activity Housekeeping, Activity Respirate
5, 0.6030724108291557, 0.9494866365521901, 0.8742781099214774, 0.7811963809692292, 0.8841595038466569, 0.7219245705039264, 0.005326491198563602, 0.9250444862749492, 0.7340763548617014, 0.06320217496666139, 0.04420580040417936, 0.6508960096211774
12, 0.6423980876936718, 0.9288236229952439, 0.928881055448087, 0.8145558085320218, 0.9161186183564993, 0.8198109555214412, 0.04723792047381385, 0.9325504349976533, 0.7754063830899742, 0.05020489111434255, 0.11161413511263622, 0.7411751389886769
19, 0.6320627120969181, 0.9127846731263439, 0.9252305356206756, 0.8061488880731906, 0.9013365127195957, 0.8410774938573773, 0.07632740393834045, 0.8611968808004387, 0.5733272284252562, 0.04976895416563785, 0.2394280084699379, 0.7660632538693046
26, 0.6080489410762964, 0.8977367763585118, 0.9170538955111585, 0.7961840473072475, 0.8814121414584684, 0.8287002896990984, 0.09841225898488826, 0.7532040248535329, 0.4248306027412082, 0.0352052915841536, 0.3023005155481876, 0.7534985077928052
33, 0.596389708337725, 0.8826142617776906, 0.9074863264596134, 0.7784454826456078, 0.8653987327495669, 0.8093083833628573, 0.11435508538542476, 0.7159071110462661, 0.37003632363801703, 0.024985543525189537, 0.348495003636612, 0.7432545374881291
Average, 0.6163943720067534, 0.9142891941619962, 0.9105859845922024, 0.7953061215054593, 0.8896851018261573, 0.8041643385889401, 0.06833183199620618, 0.837580587594568, 0.5755353785512314, 0.04467337107119698, 0.20920869263431063, 0.7309774895520186
