Window Size, Global accuracy, Activity Meal_Preparation, Activity Relax, Activity Eating, Activity Work, Activity Sleeping, Activity Wash_Dishes, Activity Bed_to_Toilet, Activity Enter_Home, Activity Leave_Home, Activity Housekeeping, Activity Respirate
5, 0.6134197805371787, 0.7967280578114146, 0.9620212706929646, 0.5302039737607854, 0.8387069553366228, 0.95493050538832, 0.32006117071334467, 0.1727158359912201, 0.7303477322971286, 0.5439228710807995, 0.34711361352596254, 0.5508655993104031
12, 0.5701912143091542, 0.88594067585153, 0.9500988368322056, 0.5444322680505432, 0.798585872988572, 0.9539258027869432, 0.23676141492040426, 0.13585948178266388, 0.39542995966456085, 0.40531906139457624, 0.5068467287147252, 0.4589032544139714
19, 0.5491710613554373, 0.8900926344052964, 0.944534372621719, 0.5471349052735276, 0.7680691832132964, 0.9383111005040957, 0.16702968547130279, 0.1518720037561397, 0.2613687302928008, 0.33699552768957375, 0.5876165568213648, 0.44785697486069315
26, 0.5217131076730286, 0.8861657889766242, 0.9379770210938206, 0.5382726319804563, 0.7432770560353098, 0.9222805985105398, 0.14535058394917721, 0.12644899813475646, 0.20132308046465747, 0.2202096250581426, 0.5814529111179876, 0.436085889081843
33, 0.5008192068086676, 0.8800656975628328, 0.9314049610600742, 0.522531995985001, 0.719814166836258, 0.9079050793991273, 0.13073862576433082, 0.10732931617113961, 0.17504738090899832, 0.1461260709615973, 0.5672507774273485, 0.420797202818638
Average, 0.5510628741366933, 0.8677985709215396, 0.9452072924601568, 0.5365151550100627, 0.7736906468820118, 0.9354706173178053, 0.19998829616371197, 0.13884512716718395, 0.35270337672562924, 0.3305146312369379, 0.5180561175214778, 0.46290178409710975
