Window Size, Global accuracy, Activity Make a phone call, Activity Wash hands, Activity Cook, Activity Eat, Activity Clean
5, 0.4163837880859508, 0.548140245104937, 0.16944444444444445, 0.6607538770719583, 0.4570523950368634, 0.24652797877155122
12, 0.485732339739016, 0.5943094303610006, 0.33324869574869576, 0.7155662857998822, 0.47593643599283475, 0.30960085079266664
19, 0.5592337760672573, 0.6113215954589303, 0.475327562251871, 0.7385354143443161, 0.5032785153443049, 0.4677057929368648
26, 0.5733819987837021, 0.571244657170565, 0.5427954678767317, 0.7676118058272567, 0.48614389761400173, 0.49911416542995496
33, 0.5915828036317955, 0.5329003074122762, 0.5337237220642393, 0.7850947720917396, 0.5080769534321365, 0.5981182631585857
Average, 0.5252629412615443, 0.5715832471015418, 0.4109079784771964, 0.7335124310270308, 0.48609763948402823, 0.42421341021792464
