Window Size, Global accuracy, Activity Make a phone call, Activity Wash hands, Activity Cook, Activity Eat, Activity Clean
5, 0.41303353874609944, 0.654807810018412, 0.13240381618697541, 0.7793654680763773, 0.37374329235703846, 0.12484730709169409
12, 0.5739538202220288, 0.7858200751008035, 0.402517816482357, 0.8548079413466494, 0.4381365922357796, 0.3884866759445539
19, 0.5994905889507922, 0.7557437797181693, 0.5781695478153701, 0.8958046173593175, 0.10527435269376977, 0.6624606471673339
26, 0.6275776915044259, 0.7487547737857417, 0.6128614456677334, 0.9073752241246933, 0.13254288865204222, 0.7363541252919186
33, 0.6614371834019783, 0.7790215556349687, 0.6119439283035953, 0.8949943754139607, 0.27215518034418656, 0.7490708773131803
Average, 0.5750985645650649, 0.7448295988516189, 0.4675793108912063, 0.8664695252641996, 0.2643704612565633, 0.5322439265617362
