Window Size, Global accuracy, Activity Fill medication dispenser, Activity Wash DVD, Activity Water plants, Activity Answer the phone, Activity Prepare birthday card, Activity Prepare soup, Activity Clean, Activity Choose outfit
5, 0.5655596426948496, 0.5641373646046434, 0.6873415656182188, 0.5746203428602336, 0.19168960639253693, 0.6979421196910828, 0.6513778125816054, 0.5255025916731759, 0.6318657381373
12, 0.5762512230362151, 0.5099740075114569, 0.6572044157781766, 0.6480214254587484, 0.24852457270114742, 0.686709706981705, 0.6334120162315245, 0.5552431981573575, 0.6709204414696041
19, 0.5711199981795936, 0.46673587796040916, 0.6466743452221262, 0.6938340168472494, 0.25768607384678816, 0.6927110160300752, 0.5542718292455743, 0.5703912251302381, 0.6866556011542884
26, 0.5636258610464073, 0.4596706878652398, 0.6409340404259674, 0.6967826735117053, 0.2665289171698597, 0.6916449830376831, 0.49517212602584804, 0.580299688659311, 0.6779737716756445
33, 0.5541355086688956, 0.449651466457083, 0.6341658193485977, 0.6965440103496721, 0.26021091632775273, 0.6879972996520114, 0.46050630237399126, 0.57102516026179, 0.6729830945802667
Average, 0.5661384467251922, 0.4900338808797665, 0.6532640372786174, 0.6619604938055217, 0.244928017287617, 0.6914010250785114, 0.5589480172917087, 0.5604923727763745, 0.6680797294034206
