Window Size, Global accuracy, Activity Make a phone call, Activity Wash hands, Activity Cook, Activity Eat, Activity Clean
5, 0.3457442959074206, 0.561991321086796, 0.003278688524590164, 0.6588649536240666, 0.17864624860019435, 0.3259402677014563
12, 0.3900862291296595, 0.6751897241047811, 0.0, 0.6822396435032999, 0.15441039777504353, 0.43859138026517314
19, 0.43501297263222594, 0.6760223201378445, 0.10248733042732094, 0.704605066014698, 0.2035431681595466, 0.4884069784217199
26, 0.4697125809120615, 0.6550700110254578, 0.21904042938007356, 0.7249049007168116, 0.2474376566185577, 0.5021099068194068
33, 0.48697102067167475, 0.6066528887784421, 0.2626773224420523, 0.7426845820733502, 0.3076765637531646, 0.5151637463113644
Average, 0.42550541985060847, 0.6349852530266643, 0.1174967541548074, 0.7026598291864452, 0.21834280698130137, 0.45404245590382414
