Window Size, Global accuracy, Activity Make a phone call, Activity Wash hands, Activity Cook, Activity Eat, Activity Clean
5, 0.37442619070430094, 0.6218746742754446, 0.028275132275132276, 0.7540888579373652, 0.34224813674025456, 0.12564415229330797
12, 0.43397682166330165, 0.6788783365775698, 0.12049009801318342, 0.8072089368963529, 0.3639998939462371, 0.1993068428831652
19, 0.49358898682104274, 0.7004648181726696, 0.2744585515546644, 0.8270859113508674, 0.3707087827542375, 0.29522687027277467
26, 0.5231177372624534, 0.6739300127563215, 0.3765350476389521, 0.8472849156240544, 0.37172261422236885, 0.3461160960705699
33, 0.5428054691789349, 0.6608385435353565, 0.4081737798063507, 0.8587441416419768, 0.390311333303551, 0.39595954760743923
Average, 0.4735830411260067, 0.6671972770634724, 0.24158652185765658, 0.8188825526901233, 0.36779815219332984, 0.2724507018254514
