Window Size, Global accuracy, Activity Fill medication dispenser, Activity Wash DVD, Activity Water plants, Activity Answer the phone, Activity Prepare birthday card, Activity Prepare soup, Activity Clean, Activity Choose outfit
5, 0.6007166377889918, 0.5915910893656365, 0.644086037536702, 0.7918684553641142, 0.1368886532217236, 0.8309269330183338, 0.6658001974622504, 0.3868039012577508, 0.7577678350854226
12, 0.6318785428915372, 0.7472866809181247, 0.6362897529815944, 0.823950939843105, 0.22758785602850554, 0.8097203088860703, 0.6289321009629948, 0.46226507730834243, 0.7189956262035605
19, 0.6092303928884417, 0.7285602284183973, 0.5637320413898953, 0.8097668241982209, 0.23242709767971093, 0.7534120037345838, 0.5175662144460971, 0.5714738263503361, 0.6969049068902924
26, 0.5742187032784704, 0.7608084082172278, 0.4596603659789672, 0.7499140959499621, 0.2712174873688117, 0.7343510928160378, 0.3773457560359676, 0.6031806108560451, 0.6372718090047432
33, 0.5382368148045598, 0.7807842543385204, 0.3478788824009328, 0.6980596007905553, 0.33875267164206974, 0.7248102062225906, 0.23146764319331573, 0.5881297837788121, 0.5960114760696821
Average, 0.5908562183304003, 0.7218061322515814, 0.5303294160576184, 0.7747119832291915, 0.24137475318816431, 0.7706441089355233, 0.4842223824201251, 0.5223706399102573, 0.6813903306507403
