Window Size, Global accuracy, Activity Make a phone call, Activity Wash hands, Activity Cook, Activity Eat, Activity Clean
5, 0.5823742699789578, 0.9427626130749196, 0.3587044718424532, 0.8786924162719941, 0.1695803215601786, 0.5621315271452427
12, 0.5926767414066575, 0.9513118192330217, 0.3571656553025622, 0.8927867501326405, 0.18661359259316307, 0.5755058897719
19, 0.6086537313463439, 0.9725781555065096, 0.37113415996675536, 0.8966320577864453, 0.22556289544183833, 0.5773613880301706
26, 0.623796524534599, 0.9794454184839229, 0.4137534559887076, 0.8968433118078984, 0.25241468431292763, 0.5765257520795385
33, 0.6334766192693746, 0.9711168765874648, 0.41372306263004993, 0.8988961543128132, 0.30480401179296884, 0.5788429910235767
Average, 0.6081955773071865, 0.9634429765771676, 0.3828961611461056, 0.8927701380623583, 0.22779510114021528, 0.5740735096100857
