Window Size, Global accuracy, Activity Fill medication dispenser, Activity Wash DVD, Activity Water plants, Activity Answer the phone, Activity Prepare birthday card, Activity Prepare soup, Activity Clean, Activity Choose outfit
5, 0.2569516246144591, 0.25950965662107983, 0.11769496188377723, 0.7070682857898144, 0.002040816326530612, 0.34944192095294974, 0.12452152991210648, 0.47659182815109863, 0.018743997278316122
12, 0.4180931109781083, 0.31648622805335436, 0.44304756489907887, 0.42576250312761166, 0.0027777777777777775, 0.6328874557164031, 0.3442697660551566, 0.46688310024673435, 0.71263049194875
19, 0.45944799156446237, 0.34315963169243674, 0.47215405001080174, 0.5881449527851902, 0.00816017316017316, 0.6882950514798943, 0.4620938864528811, 0.3659263474879959, 0.7476498394463258
26, 0.47771424149768915, 0.46008074226579937, 0.48149828098753594, 0.6810877702353093, 0.03579324016077684, 0.7030556527046316, 0.3986630555175968, 0.34536206240335365, 0.71617312770651
33, 0.4686537114877444, 0.5806732786282833, 0.4739821426735652, 0.7585702324405366, 0.0826630985950019, 0.7198087607604154, 0.2223894294533441, 0.3233999128797117, 0.5877428364710974
Average, 0.4161721360284926, 0.39198190745219075, 0.39767540009095176, 0.6321267488756925, 0.026287021204052057, 0.6186977683228589, 0.310387533478217, 0.3956326502337788, 0.5565880585701999
