Window Size, Global accuracy, Activity Fill medication dispenser, Activity Wash DVD, Activity Water plants, Activity Answer the phone, Activity Prepare birthday card, Activity Prepare soup, Activity Clean, Activity Choose outfit
5, 0.37403163283733576, 0.6148571114875463, 0.4032407979858771, 0.215620791460091, 0.1, 0.7455779083999167, 0.5002473840485846, 0.3219082035158053, 0.0908008658008658
12, 0.43949594202188064, 0.5893954800202265, 0.571172836501037, 0.3980703365592277, 0.0, 0.7500196808450642, 0.5239147633379304, 0.47992863909768985, 0.20346579981386967
19, 0.46421602350090974, 0.5950922711036606, 0.588203214416352, 0.43081220254111907, 0.05928571428571429, 0.6866601700514631, 0.5199197534468505, 0.6087265855332505, 0.22502827662886782
26, 0.47193400718290623, 0.5171210665224776, 0.5950584385023282, 0.41022203963733384, 0.15244810744810744, 0.6536533936896192, 0.5106987166672854, 0.6768186567757778, 0.2594516382203206
33, 0.4622725562219774, 0.4178304873228759, 0.584792718951071, 0.38241691640537023, 0.240955710955711, 0.5889567433183823, 0.5158485412555655, 0.6824050040726781, 0.28497432749416485
Average, 0.44239003235300195, 0.5468592832913574, 0.5484936012713331, 0.36742845732062845, 0.11053790653790654, 0.6849735792608891, 0.5141258317512432, 0.5539574177990403, 0.21274418159161773
