Window Size, Global accuracy, Activity Fill medication dispenser, Activity Wash DVD, Activity Water plants, Activity Answer the phone, Activity Prepare birthday card, Activity Prepare soup, Activity Clean, Activity Choose outfit
5, 0.24513450113920676, 0.35868246828613437, 0.1808166081362957, 0.3295686799441835, 0.003999999999999999, 0.47513276607470223, 0.19964593750822143, 0.3828170997714042, 0.030412449392712548
12, 0.4002633841919724, 0.4074511142348391, 0.497209135270509, 0.4083270254548232, 0.0, 0.6846401978123671, 0.4145354829486447, 0.4740358265671, 0.3159082912474956
19, 0.43053056447776933, 0.43278987547030745, 0.523539334487767, 0.4961036799102015, 0.014248942820371391, 0.6865050698278824, 0.4896089258547079, 0.4571967461400278, 0.3442519413108887
26, 0.44260433531644106, 0.48441599355157033, 0.530416490526668, 0.5097254841226102, 0.057381589301755964, 0.6754310818536109, 0.4468433699487366, 0.45593729557075846, 0.3806833776558178
33, 0.42520119405154666, 0.4841346731794072, 0.5189780945519887, 0.5068694282666153, 0.11668274369873148, 0.6465815959448314, 0.3102668838944502, 0.43558698685771846, 0.3825091460186314
Average, 0.3887467958353873, 0.43349482494445174, 0.4501919325946456, 0.45011885953968667, 0.038462655164171765, 0.6336581423026788, 0.37218012003095213, 0.4411147909814018, 0.29075304112510925
