Window Size, Global accuracy, Activity Fill medication dispenser, Activity Wash DVD, Activity Water plants, Activity Answer the phone, Activity Prepare birthday card, Activity Prepare soup, Activity Clean, Activity Choose outfit
5, 0.5741956680014512, 0.6234769269001366, 0.6732098123682624, 0.5689393176246219, 0.211545860449378, 0.7238234270349522, 0.6668148217900729, 0.5072581749543025, 0.6184970028898825
12, 0.6059843704443044, 0.5711058235792358, 0.6269589908210844, 0.6448055052017845, 0.3282263654619879, 0.705826239839718, 0.6968807259454031, 0.5787843999231405, 0.6952869127820807
19, 0.5895598743320035, 0.5030626392132983, 0.5612051509007328, 0.6712317844997029, 0.3531692429581431, 0.6857040879543984, 0.6097257180483331, 0.6620403764333014, 0.6703399946481181
26, 0.54934881875169, 0.46860648257078485, 0.49893589065575333, 0.6529733859775733, 0.36499942065923513, 0.6545734134809301, 0.48370244196552326, 0.6724866986072866, 0.5985128160964346
33, 0.5044905105960981, 0.44124324105617196, 0.4366939228879708, 0.615477775315761, 0.423138147938291, 0.6232072590525028, 0.31845917293134707, 0.6500330662893864, 0.5276714992973537
Average, 0.5647158484251095, 0.5214990226639256, 0.5594007535267608, 0.6306855537238887, 0.33621580749340707, 0.6786268854725003, 0.5551165761361359, 0.6141205432414835, 0.622061645142774
