Window Size, Global accuracy, Activity Make a phone call, Activity Wash hands, Activity Cook, Activity Eat, Activity Clean
5, 0.42850290465110435, 0.792122338222961, 0.08828060266989372, 0.8887462338782001, 0.2925154560004082, 0.08084989248405818
12, 0.5709170145422207, 0.9592547246570045, 0.3380129907623169, 0.9508873842404315, 0.3058895674823435, 0.30054040556900724
19, 0.6406297612853027, 1.0, 0.5284696141556603, 0.9689648991462383, 0.055581772573981045, 0.6501325205506339
26, 0.685366967794956, 0.9955357142857142, 0.6295035861455843, 0.96048595755617, 0.07284594462182185, 0.7684636363654893
33, 0.7167060629732037, 0.9950549450549451, 0.7118512961982154, 0.9329059517328853, 0.16976533043834077, 0.7739527914416318
Average, 0.6084245422493575, 0.9483935444441249, 0.45922361798633415, 0.940398085310785, 0.17931961422337905, 0.514787849282164
