Window Size, Global accuracy, Activity Make a phone call, Activity Wash hands, Activity Cook, Activity Eat, Activity Clean
5, 0.5595542492135686, 0.8177289427361876, 0.3254523258404209, 0.8052336980296356, 0.24238527122662878, 0.6069710082349693
12, 0.5666007042038721, 0.7898075310460164, 0.34330833753476525, 0.8213805985458574, 0.26207923978793674, 0.616427814104784
19, 0.5766781133743089, 0.7476975153887329, 0.3748264137294185, 0.827155228531226, 0.311232883644876, 0.6224785255772912
26, 0.5844004968607528, 0.7174220936934771, 0.4173338087558328, 0.8304696405170903, 0.335452788094409, 0.6213241532429554
33, 0.5845387984586324, 0.6639425707040423, 0.41072460740753236, 0.8354977687108743, 0.38989444557829744, 0.6226345998924157
Average, 0.5743544724222269, 0.7473197307136912, 0.37432909865359393, 0.8239473868669368, 0.3082089256664296, 0.6179672202104831
