Window Size, Global accuracy, Activity Make a phone call, Activity Wash hands, Activity Cook, Activity Eat, Activity Clean
5, 0.4662556224256284, 0.559306074421734, 0.27172619047619045, 0.6945466859104482, 0.5182789736642877, 0.28742018765548183
12, 0.6556443822859598, 0.6661517675118394, 0.4987993376809382, 0.776376710884859, 0.779909492389331, 0.5569846029628314
19, 0.6755150728964973, 0.6093238475516797, 0.6397674958225343, 0.8329559686880573, 0.6166514041514042, 0.678876648268811
26, 0.6877820566713816, 0.6012703852895209, 0.6011662463118735, 0.8599730628876989, 0.6658477633477633, 0.7106528255200517
33, 0.7060084040108892, 0.641487723110917, 0.5380346268310917, 0.8603695216024081, 0.7626346084685867, 0.7275155400414418
Average, 0.6382411076580713, 0.6155079595771382, 0.5098987794245257, 0.8048443899946942, 0.6686644484042746, 0.5922899608897235
