Window Size, Global accuracy, Activity Fill medication dispenser, Activity Wash DVD, Activity Water plants, Activity Answer the phone, Activity Prepare birthday card, Activity Prepare soup, Activity Clean, Activity Choose outfit
5, 0.607537191153133, 0.6231281177993682, 0.723995952193367, 0.46733860079247797, 0.572008547008547, 0.6102978419236151, 0.6374829688011318, 0.6825480733377678, 0.5434974273687897
12, 0.6073269738349041, 0.38129758975494615, 0.6424064422651411, 0.5807215369183457, 0.5213338948633066, 0.5971964643786388, 0.8027184926049846, 0.7121879331206497, 0.6207534367732187
19, 0.6172913878436666, 0.33016251781836803, 0.6298128151904001, 0.6246987331960647, 0.5315574754622742, 0.6000663212734414, 0.8383085300489869, 0.7204329841798118, 0.6632917255799846
26, 0.6172429080258091, 0.3220621842047703, 0.6199314129532543, 0.6341252627477102, 0.5506005758946936, 0.5939031084254363, 0.8259430957599637, 0.7237469123295932, 0.6676307118910505
33, 0.6148398856403103, 0.3126464741500489, 0.6042227923874959, 0.6402394022419671, 0.5590118215118215, 0.5890183146783083, 0.8214624351823817, 0.7190097776629982, 0.6731080673074612
Average, 0.6128476692995646, 0.39385937674550037, 0.6440738829979317, 0.5894247071793132, 0.5469024629481286, 0.5980964101358881, 0.7851831044794897, 0.7115851361261641, 0.6336562737841008
