Window Size, Global accuracy, Activity Fill medication dispenser, Activity Wash DVD, Activity Water plants, Activity Answer the phone, Activity Prepare birthday card, Activity Prepare soup, Activity Clean, Activity Choose outfit
5, 0.21703175741096503, 0.12498932866344918, 0.08487356622381832, 0.6843550523822142, 0.0, 0.2660577751634465, 0.0682881610771545, 0.5017994563275961, 0.005890719450041484
12, 0.30307055373207004, 0.22618517876424432, 0.17147175510468002, 0.3054459987126494, 0.0, 0.463383093360947, 0.16101739087886646, 0.7284566570859365, 0.36860435594923685
19, 0.37512416196298837, 0.22001430356766866, 0.2989640009667799, 0.4291594587550267, 0.002, 0.6516127599310078, 0.273749313604952, 0.6868531343275985, 0.43864032455087293
26, 0.4247152976866958, 0.28311334610020056, 0.40933653070737386, 0.4771265201588015, 0.007000000000000001, 0.7399588361362166, 0.33925570016673123, 0.6266557525891121, 0.5152756956351309
33, 0.44600431275904356, 0.31551947869812547, 0.5087521170432476, 0.49839075880773737, 0.0043055555555555555, 0.7769518179776955, 0.32699468990745273, 0.5976818858871387, 0.5394381981953955
Average, 0.3531892167103526, 0.23396432715873763, 0.29467959400918, 0.47889555776328585, 0.0026611111111111115, 0.5795928565138627, 0.23386105112703143, 0.6282893772434763, 0.3735698587561355
