Window Size, Global accuracy, Activity Make a phone call, Activity Wash hands, Activity Cook, Activity Eat, Activity Clean
5, 0.6078621328929615, 0.727731853850338, 0.31924043276984454, 0.7959540379957866, 0.4819209836693032, 0.7144633561795355
12, 0.6786135183493279, 0.6951556780128685, 0.455543172777661, 0.8637517424059553, 0.5783642906509624, 0.8002527078991919
19, 0.7206143212104228, 0.692939793878353, 0.516977568615851, 0.8794923148963175, 0.6782447339241144, 0.8354171947374779
26, 0.7530024534009081, 0.7014659841842208, 0.5679780583890228, 0.9069395695765892, 0.7444173280076021, 0.8442113268471056
33, 0.7898490527154094, 0.6671504006647071, 0.6568254391936075, 0.9393972524300993, 0.8236004709203705, 0.8622717003682631
Average, 0.7099882957138058, 0.6968887421180975, 0.5033129343491973, 0.8771069834609497, 0.6613095614344705, 0.8113232572063147
