Window Size, Global accuracy, Activity Fill medication dispenser, Activity Wash DVD, Activity Water plants, Activity Answer the phone, Activity Prepare birthday card, Activity Prepare soup, Activity Clean, Activity Choose outfit
5, 0.5892096769872658, 0.5202881150453871, 0.6536547605739791, 0.7468870685854822, 0.11987450251300746, 0.815700463376885, 0.6698883844807757, 0.4278266611499407, 0.7595574601726683
12, 0.6112620874936857, 0.780835883986095, 0.6735079107590692, 0.7363994515250302, 0.1684056097066503, 0.8139746269369461, 0.5247058709642441, 0.456880014965359, 0.7353873311060911
19, 0.6060035240233607, 0.7991453586038051, 0.667017990096854, 0.7828089662122978, 0.17298462011742974, 0.8228702437857027, 0.41433218964164886, 0.4743200143690992, 0.7145488093600482
26, 0.598832136502639, 0.8039637580560701, 0.6657841762768739, 0.7753885466691635, 0.17947965257341636, 0.8306737778643607, 0.3576905290319556, 0.48624792145836315, 0.6914287300909079
33, 0.5906006703869007, 0.8094150955727042, 0.6771758639669673, 0.7662227578983724, 0.169965718523466, 0.8302294255308391, 0.31809417094252823, 0.4727517986539415, 0.6809505320063869
Average, 0.5991816190787704, 0.7427296422528122, 0.6674281403347487, 0.7615413581780691, 0.16214202068679398, 0.8226897074989467, 0.4569422290122305, 0.4636052821193407, 0.7163745725472206
