Window Size, Global accuracy, Activity Make a phone call, Activity Wash hands, Activity Cook, Activity Eat, Activity Clean
5, 0.66672824850394, 0.9909577474021185, 0.5360720316347061, 0.9231720465814941, 0.2928226915348636, 0.5906167253665172
12, 0.7454261927394945, 0.9973737373737374, 0.7127475916256745, 0.9646188878900958, 0.22599665531350502, 0.8263940914944594
19, 0.7733687431029473, 1.0, 0.7546489908793453, 0.9554549136307753, 0.3045439916740406, 0.8521958193305753
26, 0.7754424034411687, 1.0, 0.7592174044626417, 0.9413208245624768, 0.3361686949700447, 0.8405050932106798
33, 0.779284495807606, 1.0, 0.7733225111841261, 0.9304694382621916, 0.370147781624132, 0.8224827479675796
Average, 0.7480500167190313, 0.9976662969551711, 0.7072017059572987, 0.9430072221854067, 0.3059359630233172, 0.7864388954739623
