Window Size, Global accuracy, Activity Make a phone call, Activity Wash hands, Activity Cook, Activity Eat, Activity Clean
5, 0.39588930463663446, 0.7201051400281058, 0.014061725396483631, 0.8824933278580553, 0.27699299051404447, 0.08579333938648293
12, 0.4486694098763474, 0.7967168164861607, 0.07643870018870019, 0.9256468297275646, 0.2955691808298543, 0.14897552214945703
19, 0.4978448111455851, 0.8278545996916554, 0.2015731067625976, 0.9414728597755092, 0.2982259183789596, 0.22009757111920356
26, 0.5261228742681159, 0.8283535344397805, 0.28909001313148686, 0.9473498349904542, 0.3035871378249502, 0.2622338509539076
33, 0.5551710205064756, 0.8733788720496678, 0.33425441354344815, 0.9478679429090926, 0.32053776248802346, 0.29981611154214616
Average, 0.48473948408663164, 0.8092817925390741, 0.1830835918045433, 0.9289661590521352, 0.2989825980071664, 0.20338327903023945
