Window Size, Global accuracy, Activity Make a phone call, Activity Wash hands, Activity Cook, Activity Eat, Activity Clean
5, 0.6818965461555881, 0.7553069555342169, 0.5135626298587339, 0.8782029896189026, 0.6507787608734313, 0.6116313948926565
12, 0.7543856097498051, 0.7113779939512808, 0.7163593958127418, 0.9095463102049821, 0.682055315986666, 0.7525890327933544
19, 0.7834057330940942, 0.6913519112155936, 0.7605506525966524, 0.8976713884513987, 0.7271043858102683, 0.8403503273965578
26, 0.768024477015811, 0.6494953682210863, 0.7789723335989026, 0.8948770596552362, 0.6628828636370664, 0.8538947599667625
33, 0.7508438812927644, 0.6131575452751352, 0.7706622368378392, 0.900641210172814, 0.6446546428895595, 0.8251037712884738
Average, 0.7477112494616126, 0.6841379548394626, 0.708021449740974, 0.8961877916206668, 0.6734951938393984, 0.776713857267561
