Window Size, Global accuracy, Activity Make a phone call, Activity Wash hands, Activity Cook, Activity Eat, Activity Clean
5, 0.39690309263644863, 0.4230435093802649, 0.05, 0.5525181007593701, 0.45620764598499514, 0.5027462070576124
12, 0.4341009152862981, 0.5623161554214482, 0.0, 0.5502262800094583, 0.494511197661016, 0.563450943339568
19, 0.5096935933343694, 0.5605162534443946, 0.3011904761904761, 0.5774863733141641, 0.5015882689906459, 0.6076865947321658
26, 0.5293733450591807, 0.5197619534073583, 0.3844706116560336, 0.6054159828408932, 0.5221137653077975, 0.6151044120838203
33, 0.5297446915265589, 0.47187786423832573, 0.3920339789035442, 0.6298697168779827, 0.5317958032699301, 0.6231460943430113
Average, 0.4799631275685711, 0.5075031471783584, 0.2255390133500108, 0.5831032907603736, 0.501243336242877, 0.5824268503112356
