Window Size, Global accuracy, Activity Make a phone call, Activity Wash hands, Activity Cook, Activity Eat, Activity Clean
5, 0.651631377389059, 0.7925810115520171, 0.4578343426881605, 0.8520136195946346, 0.6245167158878979, 0.5312111972225841
12, 0.7039515705557979, 0.7675452515594957, 0.5497199924400381, 0.8579185029680026, 0.7221035445462842, 0.6224705612651696
19, 0.7062347274273095, 0.6863272002790753, 0.5957292413580151, 0.863483030176052, 0.7335516131886275, 0.6520825521347777
26, 0.7080022970812775, 0.6731755013164349, 0.6136079786726796, 0.8677485650614842, 0.7269100314889789, 0.6585694088668104
33, 0.6969627609562723, 0.6168766567060927, 0.6247156080545174, 0.8712604349152396, 0.7174734809180093, 0.6544876241875018
Average, 0.6933565466819432, 0.7073011242826232, 0.5683214326426822, 0.8624848305430826, 0.7049110772059596, 0.6237642687353687
