Window Size, Global accuracy, Activity Make a phone call, Activity Wash hands, Activity Cook, Activity Eat, Activity Clean
5, 0.4031969119965715, 0.8454210094650281, 0.001694915254237288, 0.8155148195150053, 0.11126899661918621, 0.24208481912940064
12, 0.43888780174265085, 0.8428154909503422, 0.0, 0.9003915447639809, 0.09180151437799274, 0.35943045862093836
19, 0.47281140035498187, 0.8576291246201759, 0.06253119603382314, 0.9057586929124237, 0.12914191998990027, 0.40899606821858636
26, 0.5075615480390451, 0.8889429674068616, 0.15611327963681024, 0.9050562627038738, 0.16260383546141954, 0.4250913949862601
33, 0.5264999307784052, 0.8697372010359388, 0.20002172557823578, 0.9049244106144565, 0.2174431436408411, 0.44037317302255374
Average, 0.46979151858233087, 0.8609091586956692, 0.08407222330062128, 0.886329146101948, 0.14245188201786796, 0.3751951827955478
