Window Size, Global accuracy, Activity Fill medication dispenser, Activity Wash DVD, Activity Water plants, Activity Answer the phone, Activity Prepare birthday card, Activity Prepare soup, Activity Clean, Activity Choose outfit
5, 0.18876881490733918, 0.19502095319129745, 0.13382317472615285, 0.32763226004112317, 0.0, 0.3541610558281489, 0.1102291178961163, 0.37900587769401156, 0.010278079881863444
12, 0.30292482669353415, 0.3212719411283791, 0.24370720637364332, 0.339120064142414, 0.0, 0.5476392733773305, 0.2404582192827017, 0.4391501446760948, 0.29205176456770976
19, 0.37272409676172163, 0.3150765312613401, 0.36653767729791775, 0.4672011296891867, 0.00392156862745098, 0.6542662713278105, 0.3657498624094747, 0.4833084058706225, 0.32573132760996987
26, 0.41667915875861156, 0.37730825188491146, 0.47143715290107435, 0.512205390061261, 0.022162233901364337, 0.6564375290865406, 0.4231507398442593, 0.5041262608259196, 0.36660571156356114
33, 0.42686834988384403, 0.3871341727569152, 0.5493307407835635, 0.5248240938502385, 0.008429458740017748, 0.6244534973814987, 0.39874464046613806, 0.5269240221815801, 0.3951061729108004
Average, 0.34159304940101015, 0.3191623700445686, 0.35296719041647034, 0.43419658755684465, 0.006902652253766612, 0.5673915254002658, 0.30766651597973804, 0.4665029422496457, 0.2779546113067809
