Window Size, Global accuracy, Activity Make a phone call, Activity Wash hands, Activity Cook, Activity Eat, Activity Clean
5, 0.39574808242129983, 0.5529868321362802, 0.10260390612530172, 0.7103242684392987, 0.18295766547538495, 0.4298677399302333
12, 0.5064340627450571, 0.6555897031836561, 0.26263482751878875, 0.776066563809904, 0.21082806052052933, 0.6270511586924076
19, 0.5725989298109104, 0.6990243918123579, 0.3772507464092605, 0.8297697567425562, 0.2766026802521541, 0.6803470738382231
26, 0.6001390744923357, 0.7087918203684372, 0.39750852379359397, 0.8513567879966335, 0.34084238967469266, 0.7021958506283215
33, 0.6270843272802189, 0.7314038099492366, 0.403909312768167, 0.8357350114800426, 0.44104217579966953, 0.7233313264039785
Average, 0.5404008953499644, 0.6695593114899936, 0.3087814633230224, 0.800650477693687, 0.29045459434448617, 0.6325586298986328
