Window Size, Global accuracy, Activity Fill medication dispenser, Activity Wash DVD, Activity Water plants, Activity Answer the phone, Activity Prepare birthday card, Activity Prepare soup, Activity Clean, Activity Choose outfit
5, 0.2754729176596342, 0.45460189320483435, 0.32537358946054595, 0.21586725839203816, 0.0, 0.5468224902032951, 0.3002554822090159, 0.30530707225178855, 0.05555555555555556
12, 0.3927168203038262, 0.5944999531659917, 0.422128175231608, 0.39302785994485695, 0.0, 0.677294434548418, 0.49701045961678386, 0.31512101856693003, 0.24265266135602137
19, 0.4411130253360245, 0.5704112855668583, 0.48119983362971, 0.5220693204037088, 0.1, 0.6591192271849747, 0.5628980415284351, 0.37345932874861204, 0.2597471656258966
26, 0.4795039662461974, 0.5724825371678918, 0.5546773781856993, 0.5582523326111464, 0.2833333333333333, 0.590354649134277, 0.5672001116063217, 0.42162842642252774, 0.28810296150838205
33, 0.462386202623955, 0.5094474229050888, 0.6019870731443857, 0.5579372687571672, 0.2, 0.5233740455821276, 0.5210359385429026, 0.47341336394735495, 0.31189450811261327
Average, 0.41023858643392747, 0.540288618402133, 0.4770732099303898, 0.44943080802178353, 0.11666666666666665, 0.5993929693306186, 0.4896800067006918, 0.37778584198744264, 0.23159057043169376
