Window Size, Global accuracy, Activity Make a phone call, Activity Wash hands, Activity Cook, Activity Eat, Activity Clean
5, 0.5728897601094195, 0.7228199180357671, 0.3022084345985336, 0.7434223863938773, 0.4349517695996024, 0.6610462919193172
12, 0.5759871610405963, 0.6763035774391335, 0.33443121466818415, 0.7609423964565106, 0.443420383224254, 0.6648382334148988
19, 0.5885332966788814, 0.6096809843310702, 0.38138484125742594, 0.7678197318318013, 0.506598920650963, 0.6771820053231472
26, 0.5903881810052718, 0.5675475193311089, 0.4326006369109817, 0.7735285019536924, 0.5033980964540331, 0.6748661503765426
33, 0.5841264905181067, 0.5077380580543062, 0.410835460386522, 0.7809240327929292, 0.5448245913952892, 0.6763103099614864
Average, 0.5823849778704551, 0.6168180114382771, 0.37229211756432945, 0.7653274098857621, 0.48663875226482833, 0.6708485981990784
