Window Size, Global accuracy, Activity Make a phone call, Activity Wash hands, Activity Cook, Activity Eat, Activity Clean
5, 0.6545097970800196, 0.8564086620158168, 0.5219933883368932, 0.9000412642758926, 0.398071833976429, 0.5960338367950656
12, 0.7202069510316488, 0.8299983060925928, 0.7121544854904975, 0.9360948555283473, 0.3368173905210175, 0.7859697175257884
19, 0.7535412529849946, 0.8166181505544285, 0.7540570079970998, 0.9254797471208587, 0.4281258702642556, 0.8434254889883303
26, 0.7526333077039877, 0.7867609620467777, 0.7684575539495618, 0.9173105818351462, 0.4446710611468241, 0.8459663795416285
33, 0.7467299841131394, 0.7588941238690351, 0.7699584927700862, 0.915071313336, 0.46736105203231987, 0.8223649385582558
Average, 0.7255242585827582, 0.8097360409157301, 0.7053241857088277, 0.9187995524192492, 0.4150094415881692, 0.7787520722818138
