Window Size, Global accuracy, Activity Make a phone call, Activity Wash hands, Activity Cook, Activity Eat, Activity Clean
5, 0.5989903257159069, 0.8241741059074773, 0.3642372691054233, 0.8412501628916985, 0.3269832168690285, 0.6383068738059072
12, 0.678316846015048, 0.8109145650929319, 0.5217383937410229, 0.8879581978727694, 0.46888763591799165, 0.7020854374505243
19, 0.7246487076293813, 0.8086335120275063, 0.5873906953911148, 0.9083539214406577, 0.5929881879863254, 0.7258772213013025
26, 0.7644955117282246, 0.8111815292326086, 0.6281822873892119, 0.9147564683677276, 0.6760948885157175, 0.7922623851358577
33, 0.8017990587780979, 0.7818846094891682, 0.6690625276511197, 0.9254522939287539, 0.7662077715353829, 0.866388091286065
Average, 0.7136500899733317, 0.8073576643499385, 0.5541222346555784, 0.8955542089003214, 0.5662323401648892, 0.7449840017959313
