Window Size, Global accuracy, Activity Make a phone call, Activity Wash hands, Activity Cook, Activity Eat, Activity Clean
5, 0.44409650421013824, 0.9081078392058595, 0.06642423384450433, 0.8013611810760984, 0.11592332759731136, 0.3286659393269175
12, 0.5406401974408672, 0.9463470404199825, 0.19069474245561202, 0.9161455052421301, 0.13776757640532772, 0.5122461226812842
19, 0.6101043490369037, 0.9725156611819742, 0.3698496844755756, 0.9522206372680042, 0.19076226593504697, 0.5651734963239171
26, 0.6463290333633005, 0.9679662141107324, 0.48442044401351325, 0.9375673414255375, 0.2597947613533663, 0.5818964059133531
33, 0.6747407292747545, 0.9530745357659249, 0.550784698112003, 0.8805300488097793, 0.3769398066221431, 0.612374557063922
Average, 0.5831821626651928, 0.9496022581368948, 0.3324347605802417, 0.89756494276431, 0.21623754758263908, 0.5200713042618788
