Window Size, Global accuracy, Activity Make a phone call, Activity Wash hands, Activity Cook, Activity Eat, Activity Clean
5, 0.6327213232217782, 0.9533309839952311, 0.48898473532324827, 0.9282230335398488, 0.35119838026205136, 0.4418694829885116
12, 0.6699012109600028, 0.991306892339759, 0.4419920408364038, 0.950706867953064, 0.4127950811545908, 0.5527051725161956
19, 0.6727081097433234, 1.0, 0.4567785646221975, 0.9528867888776975, 0.3850273099334553, 0.5688478852832667
26, 0.6900799466422796, 0.9921447824412784, 0.500542334513937, 0.9524588591203225, 0.42991377518562723, 0.5753399819502323
33, 0.6909162916191957, 0.9615956399341528, 0.5096378435262443, 0.9538886667929141, 0.43617379040815063, 0.593285517434517
Average, 0.6712653764373159, 0.9796756597420841, 0.4795871037644062, 0.9476328432567694, 0.40302166738877504, 0.5464096080345446
