Window Size, Global accuracy, Activity Fill medication dispenser, Activity Wash DVD, Activity Water plants, Activity Answer the phone, Activity Prepare birthday card, Activity Prepare soup, Activity Clean, Activity Choose outfit
5, 0.6136480001435627, 0.6651574086937433, 0.7114332684570565, 0.44426420031092195, 0.5144627594627595, 0.6415455657408001, 0.6690753713790801, 0.7398914945656437, 0.5233539325384962
12, 0.6384588874242427, 0.4638873210207219, 0.6203582303679273, 0.5309036483190767, 0.6249698340874811, 0.629430756264006, 0.7808438812478447, 0.781569137350629, 0.6757082907362553
19, 0.635177238548865, 0.3847266406582278, 0.5592202268846156, 0.5746746281318249, 0.749370833844518, 0.6291829338332187, 0.7464798917385689, 0.7881350986568844, 0.6496276546430609
26, 0.5798108685419349, 0.3416429720773865, 0.5477014846377523, 0.5801518701713564, 0.5672981696665907, 0.591432302584831, 0.678270113493061, 0.7628612456986568, 0.5691287900058454
33, 0.5384464823607253, 0.30887970939150267, 0.5966513730754567, 0.553350749835286, 0.5724058937130625, 0.5482622196497419, 0.5170418500481784, 0.7307632384137258, 0.48021682475884964
Average, 0.6011082954038661, 0.4328588103683164, 0.6070729166845616, 0.5366690193536932, 0.6057014981548824, 0.6079707556145195, 0.6783422215813466, 0.760644042937108, 0.5796070985365015
