Window Size, Global accuracy, Activity Make a phone call, Activity Wash hands, Activity Cook, Activity Eat, Activity Clean
5, 0.6213028319154577, 0.9544197735922098, 0.4286941378315855, 0.8943232602924178, 0.2501397745229427, 0.5789372133381321
12, 0.7065673086775865, 0.9734608093029145, 0.6167107796642488, 0.9146416917900971, 0.3993391312996844, 0.628684131330988
19, 0.7540516360999614, 0.9743465903602821, 0.684231402900153, 0.9397439751239596, 0.5288266147737694, 0.6431095973416434
26, 0.7950525710955333, 0.969041068127275, 0.7155012933276661, 0.923139743086608, 0.6206245512450278, 0.7469561996910896
33, 0.8288232397901474, 0.9546407476559182, 0.6855488753747097, 0.9120490159556158, 0.7195566864844433, 0.87232087348005
Average, 0.7411595175157372, 0.96518179780772, 0.6261372978196726, 0.9167795372497398, 0.5036973516651735, 0.6940016030363806
