Window Size, Global accuracy, Activity Make a phone call, Activity Wash hands, Activity Cook, Activity Eat, Activity Clean
5, 0.6291771466997604, 0.8641681894735995, 0.4645654474421642, 0.8879277788786426, 0.447851903225618, 0.4813724144787779
12, 0.6713858091510023, 0.8642076630311843, 0.48477245398802066, 0.9019761210092703, 0.5229025319367204, 0.5830702757898157
19, 0.6699872937504663, 0.8125588046961928, 0.5194936632489249, 0.9058724817608791, 0.5031733233616021, 0.6088381956847323
26, 0.6799996106342989, 0.8002930375773089, 0.5476119634508205, 0.9077374478630805, 0.5368841801606308, 0.6074714241196544
33, 0.6740469502630934, 0.7499688885183367, 0.5561645836720286, 0.9103633473358599, 0.5391435223991988, 0.6145944093900428
Average, 0.6649193620997242, 0.8182393166593244, 0.5145216223603917, 0.9027754353695464, 0.509991092216754, 0.5790693438926047
