Window Size, Global accuracy, Activity Make a phone call, Activity Wash hands, Activity Cook, Activity Eat, Activity Clean
5, 0.468173806911014, 0.3981160682323551, 0.24148809523809525, 0.6384374354913159, 0.43771105574379365, 0.6251163798495103
12, 0.5766744990802078, 0.5026353120944942, 0.43403367365946444, 0.6735378201361861, 0.463545329959941, 0.8096203595509532
19, 0.6081276286814588, 0.5463691410118534, 0.3905672945426236, 0.7358351286303819, 0.51127654036525, 0.8565900388571845
26, 0.6129001890436568, 0.5613896726918031, 0.33879161492950927, 0.7799495108189328, 0.49693898221124266, 0.8874311645667964
33, 0.6273511839201089, 0.5946673672671828, 0.32043402821613054, 0.7956795860592436, 0.5402266784231802, 0.8857482596348072
Average, 0.5786454615272894, 0.5206355122595376, 0.34506294131716453, 0.7246878962272121, 0.4899397173406815, 0.8129012404918503
