Window Sizes,Accuracy
10,0.9729910798652819
20,0.9853004821980615
30,0.9901139762386432
40,0.9921869789459894
50,0.9934171429211055
Average,0.9868019320338164
