Window Sizes,Accuracy
10,0.9819709213609731
20,0.9940596272849203
30,0.9970007549112367
40,0.9977123690732288
50,0.9981968744673271
Average,0.9937881094195372
