Window Sizes,Accuracy
10,0.9687402609902017
20,0.9814369683374051
30,0.986257985259693
40,0.9884609032927075
50,0.9896342392867423
Average,0.98290607143335
