Window Sizes,Accuracy
10,0.9744054988504951
20,0.9859868810217833
30,0.9898464794972333
40,0.9913491462512638
50,0.9921704761452425
Average,0.9867516963532035
