Window Sizes,Accuracy
10,0.977303176488651
20,0.9866091243212898
30,0.9888617622046191
40,0.9894956270963291
50,0.992582010946267
Average,0.9869703402114312
