Window Sizes,Accuracy
10,0.9515207865293502
20,0.969345822489877
30,0.963114334682928
40,0.9675558841482665
50,0.9702564474793552
Average,0.9643586550659554
