Window Sizes,Accuracy
10,0.9401886246858109
20,0.9658184500042278
30,0.9705206289276932
40,0.9725815108716244
50,0.9722575530008207
Average,0.9642733534980354
