Window Sizes,Accuracy
10,0.9666602021769168
20,0.9774010333061411
30,0.9812184074990684
40,0.9815037146170965
50,0.9849213452204744
Average,0.9783409405639395
