Window Sizes,Accuracy
10,0.9837329196059894
20,0.9884888994149279
30,0.9901727614115219
40,0.9922358755733885
50,0.9937793306025036
Average,0.9896819573216662
