Window Sizes,Accuracy
10,0.9713649070323747
20,0.9858927435237085
30,0.988391988216418
40,0.9905356733688491
50,0.9903021171682387
Average,0.9852974858619177
