Window Sizes,Accuracy
10,0.9055817781435594
20,0.9506442657296669
30,0.956178991033061
40,0.9636568860636932
50,0.9613949670856108
Average,0.9474913776111183
