Window Sizes,Accuracy
10,0.9750513996963637
20,0.9879836388425997
30,0.9918346747678793
40,0.9914794208626911
50,0.9926756153876258
Average,0.9878049499114319
