Window Sizes,Accuracy
10,0.9527778244623339
20,0.975272534464475
30,0.9820405586680343
40,0.9844761413759523
50,0.9849579305756663
Average,0.9759049979092923
