Window Sizes,Accuracy
10,0.9645000364139538
20,0.985198606271777
30,0.9894782871722034
40,0.9911013490290428
50,0.9928759832504991
Average,0.9846308524274953
