Window Sizes,Accuracy
10,0.9087125475454323
20,0.9382287037645977
30,0.9402550982389031
40,0.9518167610347513
50,0.9567191137961262
Average,0.9391464448759621
