Window Sizes,Accuracy
10,0.9758975539986909
20,0.9849332912291782
30,0.9884241254431311
40,0.9881231518343208
50,0.9889900519775565
Average,0.9852736348965756
