Window Size, Global accuracy, Activity Meal_Preparation, Activity Relax, Activity Eating, Activity Work, Activity Sleeping, Activity Wash_Dishes, Activity Bed_to_Toilet, Activity Enter_Home, Activity Leave_Home, Activity Housekeeping, Activity Respirate
10, 0.541219785071159, 0.9064303426189216, 0.9400750870915037, 0.6509214791759439, 0.8598946433900831, 0.8842725628895487, 0.06757801410569855, 0.2495817639366083, 0.5913892520361902, 0.08802322563142567, 0.1438551009503134, 0.5713961639565129
20, 0.5366250911522618, 0.9002158382070867, 0.933880166311275, 0.6514373144968076, 0.8264966180268681, 0.8853312547694105, 0.1068296101292671, 0.2522364896615638, 0.34530671645983896, 0.08770111525350469, 0.3519101028415178, 0.5615307765177382
30, 0.5166959657224213, 0.8859376994723911, 0.9227560573080238, 0.6327829893567054, 0.7953795994249392, 0.8628218626183906, 0.11976188920756439, 0.19718257403658773, 0.2521381775843371, 0.048787776658633875, 0.4216267293850017, 0.544480267894059
40, 0.5001004361147421, 0.8708732104943042, 0.9115080765732098, 0.6092042938257115, 0.7652339667456836, 0.8447918640451514, 0.12411367045086463, 0.1613737249865778, 0.1977768719370334, 0.023405640304657603, 0.46461122718196757, 0.5282122507170022
50, 0.48720374553398804, 0.8563071240357516, 0.9001269742583322, 0.5907328239860176, 0.7349025183026726, 0.8261974488851799, 0.13129400605716365, 0.14223561401844928, 0.16597608551266213, 0.002748859232105695, 0.49188039704028164, 0.5168393495452512
Average, 0.5163690047189144, 0.8839528429656911, 0.921669272308469, 0.6270157801682372, 0.7963814691780493, 0.8606829986415361, 0.10991543799011168, 0.20052203332795737, 0.3105174207060124, 0.05013332341606551, 0.37477671147981645, 0.5444917617261128
