Window Sizes,Accuracy
10,0.5995800975410348
20,0.6854946655844725
30,0.741148948016567
40,0.7731397051542747
50,0.7870810971620755
Average,0.7172889026916849
