Window Sizes,Accuracy
10,0.8928715187958632
20,0.885462363054313
30,0.8695284617343608
40,0.8538326314079049
50,0.8385515414732219
Average,0.8680493032931327
