Window Size, Global accuracy, Activity Meal_Preparation, Activity Relax, Activity Eating, Activity Work, Activity Sleeping, Activity Wash_Dishes, Activity Bed_to_Toilet, Activity Enter_Home, Activity Leave_Home, Activity Housekeeping, Activity Respirate
5, 0.5593385541544422, 0.8995860893560036, 0.9178041924638533, 0.6381435823060189, 0.8859361003284563, 0.8093385214007782, 0.0, 0.3846153846153846, 0.7818831942789033, 0.12030075187969926, 0.0, 0.7151162790697675
12, 0.5242233511949265, 0.9250528404434284, 0.9426289292512409, 0.6441048034934498, 0.8658536585365852, 0.8607723577235772, 0.0, 0.28707375099127674, 0.5370675453047776, 0.05670103092783505, 0.0, 0.6472019464720195
19, 0.5026360852794841, 0.9163822711661124, 0.9380530973451326, 0.6540356195528609, 0.8355748373101952, 0.8668280871670702, 0.0, 0.2684670373312153, 0.33979829325058186, 0.08312958435207823, 0.0, 0.6267281105990783
26, 0.47943736849921037, 0.9052495536838876, 0.9300250955493089, 0.653006510915358, 0.8135006490696668, 0.8396329657378567, 0.0, 0.20422535211267603, 0.2581182348043297, 0.07317073170731708, 0.0, 0.5968819599109132
33, 0.45778125112733614, 0.8927344025378923, 0.9207494327850255, 0.6323417238749046, 0.789548829240434, 0.8101631543167913, 0.0, 0.16147488874761604, 0.2123287671232877, 0.05037783375314861, 0.0, 0.5658747300215982
Average, 0.5046833220510799, 0.9078010314374648, 0.9298521494789123, 0.6443264480285185, 0.8380828148970675, 0.8373470172692148, 0.0, 0.26117128275963375, 0.4258392069523761, 0.07673598652401566, 0.0, 0.6303606052146754
