Window Size, Global accuracy, Activity Meal_Preparation, Activity Relax, Activity Eating, Activity Work, Activity Sleeping, Activity Wash_Dishes, Activity Bed_to_Toilet, Activity Enter_Home, Activity Leave_Home, Activity Housekeeping, Activity Respirate
10, 0.5838595470728948, 0.8803254705199516, 0.9527467761133381, 0.5429272195231982, 0.8077630578032744, 0.9578484183924193, 0.28230811384678167, 0.14388630376845118, 0.4588553063831261, 0.45247829168881804, 0.47100162840817533, 0.4723144313543083
20, 0.5456181891871835, 0.8898960007804858, 0.9437599983166214, 0.5469619618425187, 0.7645235459428016, 0.9361641051881593, 0.16312900806844016, 0.14837580251663302, 0.2516747858676569, 0.32397013714981393, 0.5878032371343824, 0.4455414982515048
30, 0.5096035174559397, 0.8828503608186242, 0.93414274264815, 0.5293367972249247, 0.7307056255159002, 0.9133524058342537, 0.13534226927596615, 0.1141906781996502, 0.18656714579766484, 0.1739878800255935, 0.5756490222807745, 0.42951376439383326
40, 0.482624035858003, 0.8730975974871527, 0.9255857406257919, 0.5089261133070664, 0.6966503654641178, 0.8929656311341381, 0.12094567720471454, 0.09263034644926664, 0.14452580273774937, 0.07981081451038098, 0.559783070510816, 0.41394323500683894
50, 0.46323718893306404, 0.861495222464901, 0.9173194207672288, 0.5025410849834386, 0.6630082303830737, 0.8742832566521533, 0.11525992514736672, 0.08050170173969036, 0.12023229675410647, 0.010420819490586933, 0.5478688240094545, 0.4026782958717038
Average, 0.516988495701417, 0.8775329304142231, 0.934710935694226, 0.5261386353762294, 0.7325301650218334, 0.9149227634402246, 0.16339699870865385, 0.11591696653473829, 0.23237106750806075, 0.2081335885730387, 0.5484211564687206, 0.43279824497563785
