Window Sizes,Accuracy
10,0.6251392630506039
20,0.5600238727458386
30,0.5347663756766845
40,0.526847795241278
50,0.5238450366818002
Average,0.554124468679241
