Window Size, Global accuracy, Activity Meal_Preparation, Activity Relax, Activity Eating, Activity Work, Activity Sleeping, Activity Wash_Dishes, Activity Bed_to_Toilet, Activity Enter_Home, Activity Leave_Home, Activity Housekeeping, Activity Respirate
10, 0.19599002605282903, 0.9821602995300083, 0.45351966487201584, 0.0, 0.0, 0.27665476022494995, 0.0, 0.44355556195414536, 0.0, 0.0, 0.0, 0.0
20, 0.18761590160970032, 0.9837234298038471, 0.6017511967271717, 0.0, 0.0, 0.4762662196801992, 9.009009009009009e-05, 0.0, 0.001943981405395253, 0.0, 0.0, 0.0
30, 0.23017917611927213, 0.9768925601251033, 0.6959549539728049, 0.27879199549974987, 0.0, 0.5719335067094924, 0.005480075872040281, 0.0, 0.002917845132802645, 0.0, 0.0, 0.0
40, 0.2544542663657879, 0.9695505838903997, 0.7502498847187054, 0.4058810309416305, 0.003281961047342937, 0.6488169050092868, 0.00647904428817406, 0.0, 0.010169931831511101, 0.0, 0.004567588296616964, 0.0
50, 0.26839290015609407, 0.9607983947202097, 0.7750632637123827, 0.42060534443654285, 0.018137553718409066, 0.704906098753915, 0.004893543618359921, 0.0, 0.04838539907471369, 0.0, 0.019532303682501608, 0.0
Average, 0.22732645406073665, 0.9746250536139136, 0.6553077928006161, 0.22105567417558464, 0.004283902953150401, 0.5357154980755687, 0.003388550773732871, 0.08871111239082907, 0.012683431488884539, 0.0, 0.004819978395823715, 0.0
