Window Sizes,Accuracy
10,0.41609583166728603
20,0.4411117150807725
30,0.44851129880084056
40,0.4563842243768429
50,0.4618876860597859
Average,0.44479815119710553
