Window Size, Global accuracy, Activity Meal_Preparation, Activity Relax, Activity Eating, Activity Work, Activity Sleeping, Activity Wash_Dishes, Activity Bed_to_Toilet, Activity Enter_Home, Activity Leave_Home, Activity Housekeeping, Activity Respirate
10, 0.6445705605633686, 0.9341326133501238, 0.9277372973489623, 0.8126739169635654, 0.9192473251811417, 0.8212184211933724, 0.038500096144553166, 0.9440590368889877, 0.832628201336132, 0.0488720453065913, 0.08491597706549221, 0.7262912354181332
20, 0.6293251286386385, 0.9107803839686243, 0.924205989317494, 0.8053513460046824, 0.8995312049015662, 0.839754708686655, 0.07967412630137827, 0.8448577569345821, 0.5515647547113912, 0.05088379393672647, 0.25128417433711187, 0.7646881759248118
30, 0.6007861707201168, 0.8890505189008907, 0.9116461641323387, 0.7865323281614425, 0.8727471096640022, 0.8176018774250557, 0.10746754586101762, 0.7232521087356776, 0.38943878956549427, 0.02849928615329983, 0.3327952478730393, 0.7496169014490249
40, 0.5810994035937714, 0.868662982395246, 0.8978531106056377, 0.7589072360143686, 0.8489028499058946, 0.8015554491913501, 0.12757848749998985, 0.6297021919272948, 0.3142226318036877, 0.013776443936443342, 0.3971902769674164, 0.7337417792841567
50, 0.5698105575764033, 0.8511853922589516, 0.8835697080097604, 0.7166856292658947, 0.8243075243772173, 0.7831478857535221, 0.15291193991468222, 0.6141488834671184, 0.26881799633717246, 0.001597683344826952, 0.446448122964496, 0.7250953676467937
Average, 0.6051183642184597, 0.8907623781747673, 0.9090024538828386, 0.7760300912819907, 0.8729472028059645, 0.812655668449991, 0.10122643914432423, 0.7512039955907321, 0.47133447475077556, 0.02872585053557758, 0.3025267598415112, 0.739886691944584
