Window Sizes,Accuracy
10,0.7997587937262127
20,0.8273703323596748
30,0.8130540930503664
40,0.826905635142054
50,0.7970775532683902
Average,0.8128332815093395
