Window Size, Global accuracy, Activity Make a phone call, Activity Wash hands, Activity Cook, Activity Eat, Activity Clean
5, 0.6917314472622234, 1.0, 0.5833333333333334, 0.9047619047619048, 0.13157894736842105, 0.8389830508474576
12, 0.6814778471602735, 1.0, 0.5833333333333334, 0.9333333333333333, 0.02631578947368421, 0.864406779661017
19, 0.6648111804936069, 1.0, 0.5, 0.9333333333333333, 0.02631578947368421, 0.864406779661017
26, 0.6867410050550105, 1.0, 0.5833333333333334, 0.9333333333333333, 0.05263157894736842, 0.864406779661017
33, 0.7025304787392209, 1.0, 0.5833333333333334, 0.9333333333333333, 0.13157894736842105, 0.864406779661017
Average, 0.6854583917420671, 1.0, 0.5666666666666667, 0.9276190476190477, 0.07368421052631578, 0.859322033898305
