Window Size, Global accuracy, Activity Make a phone call, Activity Wash hands, Activity Cook, Activity Eat, Activity Clean
10, 0.5361859489513502, 0.7616971564692533, 0.348092092899066, 0.8391494302189054, 0.4536307814745567, 0.27836028369496935
20, 0.5971244926922865, 0.7505971488459641, 0.5807244449291933, 0.8985792526751, 0.08442234250839002, 0.6712992745027853
30, 0.6614195806199208, 0.7741146149406305, 0.6270502209295009, 0.9021284642471633, 0.25344472362406567, 0.7503598793582439
40, 0.663847661846223, 0.7713566518926896, 0.5957643268203285, 0.8773249324612648, 0.3257819312926912, 0.7490104667641414
50, 0.6662825740581003, 0.7624502905846791, 0.610479404354288, 0.8686001115011974, 0.36582805062411033, 0.7240550132262268
Average, 0.6249720516335762, 0.7640431725466433, 0.5524220979864753, 0.8771564382207263, 0.29662156590476274, 0.6346169835092733
