Window Sizes,Accuracy
10,0.625891184910025
20,0.6131218350416672
30,0.5534377406294246
40,0.5246671683260014
50,0.5061870117978124
Average,0.5646609881409861
