Window Sizes,Accuracy
10,0.6086732435869425
20,0.6805929404635662
30,0.6886757279255109
40,0.7243476828779286
50,0.7680158885453763
Average,0.6940610966798649
