Window Size, Global accuracy, Activity Make a phone call, Activity Wash hands, Activity Cook, Activity Eat, Activity Clean
5, 0.4224096688908473, 1.0, 0.0, 0.7928994082840237, 0.3191489361702128, 0.0
12, 0.6348919054801407, 0.75, 0.8888888888888888, 0.8525641025641025, 0.29411764705882354, 0.3888888888888889
19, 0.6474843536305916, 0.6666666666666666, 0.9473684210526315, 0.8926174496644296, 0.0, 0.7307692307692307
26, 0.7154440154440154, 0.42857142857142855, 0.95, 0.8986486486486487, 0.5, 0.8
33, 0.6785157421289355, 0.0, 0.8695652173913043, 0.903448275862069, 0.75, 0.8695652173913043
Average, 0.6197491371149061, 0.569047619047619, 0.731164505466565, 0.8680355770046548, 0.37265331664580725, 0.5578446674098848
