Window Size, Global accuracy, Activity Make a phone call, Activity Wash hands, Activity Cook, Activity Eat, Activity Clean
10, 0.580225731578986, 0.6971216142213315, 0.32363534017258383, 0.7592358635315224, 0.46397997249151723, 0.6571558674779753
20, 0.5888877134224211, 0.6047240855532354, 0.39827502634428824, 0.7666578465756201, 0.501169538336001, 0.6736120703029618
30, 0.5868152530553439, 0.5324447211236547, 0.40831061068771257, 0.7758969623651109, 0.5378249874526565, 0.6795989836475845
40, 0.5932096277454195, 0.49984396238822326, 0.40587654359844716, 0.787469315491112, 0.595453815315031, 0.6774045019342838
50, 0.607607525485214, 0.5517047658224129, 0.3995820117092937, 0.798186940631094, 0.5872579776313757, 0.7013059316318936
Average, 0.5913491702574769, 0.5771678298217716, 0.38713590650246504, 0.7774893857188919, 0.5371372582453163, 0.6778154709989399
