Window Sizes,Accuracy
10,0.6220107795366576
20,0.6591317772339325
30,0.6796245688131253
40,0.6974170088711953
50,0.7310356499489403
Average,0.6778439568807701
