Window Size, Global accuracy, Activity Make a phone call, Activity Wash hands, Activity Cook, Activity Eat, Activity Clean
10, 0.43539983918293224, 0.7741975194924919, 0.07122129319955407, 0.9146165057069002, 0.29299309950792096, 0.12397077800779414
20, 0.50028235379264, 0.8232066552939334, 0.2073753742183503, 0.9446488055238399, 0.3036055233126739, 0.22257541061440272
30, 0.5397411525607205, 0.8504005314781976, 0.3008363958121845, 0.9498266551242395, 0.30711645987162156, 0.2905257205173593
40, 0.5796448924596287, 0.9232158940480686, 0.36866279562053816, 0.9500648150946436, 0.33731632671461653, 0.3189646308202761
50, 0.6173531498976498, 0.979260565521435, 0.379262100894453, 0.9557735190811754, 0.39037060953800806, 0.38209895445317776
Average, 0.5344842775787142, 0.8700562331668253, 0.265471591949016, 0.9429860601061597, 0.32628040378896817, 0.267627098882602
