Window Size, Global accuracy, Activity Fill medication dispenser, Activity Wash DVD, Activity Water plants, Activity Answer the phone, Activity Prepare birthday card, Activity Prepare soup, Activity Clean, Activity Choose outfit
5, 0.5826466344930266, 0.7446808510638298, 0.796875, 0.48484848484848486, 0.4, 0.5, 0.7, 0.4909090909090909, 0.543859649122807
12, 0.533697431840048, 0.5964912280701754, 0.6349206349206349, 0.48598130841121495, 0.0, 0.35714285714285715, 0.7857142857142857, 0.6037735849056604, 0.8055555555555556
19, 0.5308593560241185, 0.6140350877192983, 0.5074626865671642, 0.4807692307692308, 0.0, 0.35555555555555557, 0.8529411764705882, 0.5694444444444444, 0.8666666666666667
26, 0.4716163187717939, 0.5692307692307692, 0.43103448275862066, 0.48314606741573035, 0.0, 0.23076923076923078, 0.78125, 0.4375, 0.84
33, 0.4653398953028156, 0.4473684210526316, 0.27906976744186046, 0.44871794871794873, 0.7647058823529411, 0.14285714285714285, 0.6, 0.4, 0.64
Average, 0.5168319272863605, 0.5943612714273407, 0.529872514337656, 0.476692608032522, 0.2329411764705882, 0.3172649572649573, 0.7439810924369749, 0.5003254240518391, 0.7392163742690059
