Window Size, Global accuracy, Activity Make a phone call, Activity Wash hands, Activity Cook, Activity Eat, Activity Clean
10, 0.5399609369798732, 0.4917367885390053, 0.32736679986679984, 0.6548614015550591, 0.45387451729557, 0.7719651776429327
20, 0.6088593197970551, 0.5490088308521288, 0.3836639784803799, 0.7416795467773742, 0.5047415896280649, 0.8652026532473268
30, 0.6165299773489971, 0.5718416367761947, 0.32178268888485884, 0.7927252056074126, 0.5029445497228976, 0.8933558057536223
40, 0.6660140375609953, 0.6454299755164532, 0.3653283076064642, 0.8295758499810519, 0.6268305206382353, 0.8629055340627719
50, 0.6951669057947013, 0.6607086626823468, 0.41448196680985677, 0.8719135769860642, 0.669249420415298, 0.8594809020799407
Average, 0.6253062354963245, 0.5837451788732257, 0.3625247483296719, 0.7781511161813924, 0.5515281195400131, 0.8505820145573189
