Window Sizes,Accuracy
10,0.7750628267597554
20,0.775890546739998
30,0.7776819584722846
40,0.7771219293021117
50,0.7901328697807304
Average,0.779178026210976
