Window Size, Global accuracy, Activity Fill medication dispenser, Activity Wash DVD, Activity Water plants, Activity Answer the phone, Activity Prepare birthday card, Activity Prepare soup, Activity Clean, Activity Choose outfit
10, 0.6026634911536447, 0.41259785654033976, 0.6453504098043462, 0.5745916324697016, 0.49409826284826275, 0.6038947549432931, 0.7689486180105917, 0.7061824848172298, 0.6156439097953926
20, 0.6197177543814639, 0.3272449685742019, 0.624591670757653, 0.6285928714133574, 0.5527984515484515, 0.5999270438676064, 0.8405303581156514, 0.7241979684058631, 0.6598587023689272
30, 0.6147073493925088, 0.3168363447468104, 0.6075093493951813, 0.6336684849047879, 0.5642994505494505, 0.5899816599644077, 0.81078930345718, 0.7238455393074067, 0.6707286628148452
40, 0.617720525053886, 0.30696595641555824, 0.5996374078464572, 0.65985328398783, 0.5682304133774723, 0.5892019882836426, 0.8316034918674987, 0.7249550570295972, 0.6613166016230312
50, 0.6167801549189582, 0.2887685579623577, 0.5983855103073403, 0.657264657324517, 0.5665367965367966, 0.5794260817143703, 0.8221485166460212, 0.7375109551370531, 0.6842001637232092
Average, 0.6143178549800924, 0.3304827368478536, 0.6150948696221956, 0.6307941860200389, 0.5491926749720868, 0.592486305754664, 0.8148040576193886, 0.7233384009394299, 0.6583496080650811
