Window Size, Global accuracy, Activity Fill medication dispenser, Activity Wash DVD, Activity Water plants, Activity Answer the phone, Activity Prepare birthday card, Activity Prepare soup, Activity Clean, Activity Choose outfit
10, 0.385048346207035, 0.41478804850491413, 0.46740871342428736, 0.36711412494770507, 0.005128205128205127, 0.6904558825087822, 0.3664950546672566, 0.4626573527516252, 0.3063393877235039
20, 0.43426890303906174, 0.4522092009265874, 0.5226321112628157, 0.5011779817321149, 0.017378048780487803, 0.6809728655849081, 0.4951458611742156, 0.45368456288032927, 0.3509505919710353
30, 0.4364943730816105, 0.49331038737115324, 0.5287932559728445, 0.5067370786364459, 0.10568173767469413, 0.6551917805872394, 0.37429251879879644, 0.4481396835800151, 0.3798085420316952
40, 0.423414695678356, 0.5013919325264238, 0.48396767308469135, 0.5028707107995529, 0.19390886088156917, 0.6149491787158172, 0.2614045846488545, 0.4497601174731911, 0.3790645072967474
50, 0.42921100373532306, 0.4539004993808236, 0.4541501398785079, 0.5183897688843903, 0.2642114616056101, 0.5708030187984254, 0.294287973625759, 0.4775838848431685, 0.4003612828659001
Average, 0.42168746434827725, 0.4631200137419804, 0.4913903787246293, 0.4792579330000418, 0.11726166281411325, 0.6424745452390346, 0.3583251985829764, 0.45836512030566584, 0.3633048623777763
