Window Size, Global accuracy, Activity Fill medication dispenser, Activity Wash DVD, Activity Water plants, Activity Answer the phone, Activity Prepare birthday card, Activity Prepare soup, Activity Clean, Activity Choose outfit
10, 0.37102953177019243, 0.5556582633053221, 0.4136324296988925, 0.34804515248193374, 0.0, 0.6461629716535593, 0.4756865755433971, 0.30114684951869536, 0.22790401195973953
20, 0.4342120782717653, 0.5628008745304143, 0.45474651872167404, 0.5045358641297033, 0.1, 0.6668058888681763, 0.5661065029483742, 0.35684330291837546, 0.2618576740574046
30, 0.4773684392515336, 0.5507526531439575, 0.5621861977321774, 0.5500953220576443, 0.3, 0.571717312843954, 0.5599362714341741, 0.4273177243220487, 0.29694203247831263
40, 0.43638995338356884, 0.46648448910317775, 0.5732184929785447, 0.5724041116235232, 0.05, 0.5145321724399556, 0.5043865009291487, 0.4803990898380378, 0.3296947701561629
50, 0.4229356606826239, 0.39312473637557066, 0.5595653147621774, 0.5866314591457007, 0.05, 0.4748847614353756, 0.4601616444025776, 0.5017400318548835, 0.3573773374847061
Average, 0.42838713267193684, 0.5057642032916884, 0.5126697907786932, 0.5123423818877011, 0.1, 0.5748206214482041, 0.5132554990515343, 0.4134893996904082, 0.2947551652272652
