Window Size, Global accuracy, Activity Make a phone call, Activity Wash hands, Activity Cook, Activity Eat, Activity Clean
10, 0.5115033900616921, 0.9401146781457921, 0.10759421413326169, 0.8913353430099097, 0.13226712500818788, 0.48620559001130925
20, 0.6156042424906399, 0.9746081974304737, 0.38644279228374867, 0.9539724287696527, 0.19474120770172693, 0.5682565862675981
30, 0.6598100573954786, 0.960278505435664, 0.5151862845055294, 0.9077415148667637, 0.3250690944109066, 0.590774887758529
40, 0.7291948283578942, 0.9240367717713257, 0.6884606941337064, 0.8426592111753518, 0.4927214379232245, 0.6980960267858628
50, 0.7998974898316956, 0.9791443850267381, 0.7882665343915344, 0.8100098970759471, 0.6177103922428212, 0.8043562404214379
Average, 0.6632020016274801, 0.9556365075619986, 0.49719010388955615, 0.8811436789795251, 0.3525018514573734, 0.6295378662489475
