Window Sizes,Accuracy
10,0.7309148865845392
20,0.7829989395546131
30,0.8354503669218023
40,0.8470355731225296
50,0.8487731381833836
Average,0.8090345808733735
