Window Size, Global accuracy, Activity Make a phone call, Activity Wash hands, Activity Cook, Activity Eat, Activity Clean
10, 0.4709420456402043, 0.644813492781904, 0.15793699791955026, 0.7542886427208002, 0.20239897867968043, 0.5952721160990861
20, 0.576739946574936, 0.7015396041633604, 0.38294996520527713, 0.8344228960327502, 0.27940201022679195, 0.6853852572465006
30, 0.6123869867268495, 0.716055263685194, 0.3950959456721441, 0.8460468189566199, 0.39395236248410515, 0.7107845428361841
40, 0.6786666220572471, 0.7581249508359944, 0.47668391319445647, 0.8359720429434698, 0.5510472830881795, 0.7715049202241357
50, 0.7256439254645662, 0.7769507412141011, 0.5411212074212337, 0.8393582475159803, 0.6401989511619658, 0.83059048000955
Average, 0.6128759052927607, 0.7194968105361108, 0.39075760588253233, 0.822017729633924, 0.4133999171281446, 0.7187074632830914
