Window Size, Global accuracy, Activity Make a phone call, Activity Wash hands, Activity Cook, Activity Eat, Activity Clean
10, 0.4919708439715699, 0.5800642524743725, 0.43045454545454537, 0.7030331291718279, 0.461061866249699, 0.28524042650740444
20, 0.5572857792617185, 0.6005808905758349, 0.4842508845643521, 0.7449650007630584, 0.503677087697508, 0.45295503270783916
30, 0.5909098045096635, 0.5403140522020321, 0.551088221623454, 0.7776693862486221, 0.4941408310172638, 0.5913365314569455
40, 0.6045494711701526, 0.48370276422795355, 0.5459033887259693, 0.7948163065555995, 0.5734276376293267, 0.6248972587119137
50, 0.621075204802639, 0.4490409126510654, 0.5185190248348144, 0.816945549112658, 0.6514585957823626, 0.6694119416322948
Average, 0.5731582207431487, 0.5307405744262517, 0.5060432130406272, 0.7674858743703532, 0.536753203675232, 0.5247682382032794
