Window Size, Global accuracy, Activity Fill medication dispenser, Activity Wash DVD, Activity Water plants, Activity Answer the phone, Activity Prepare birthday card, Activity Prepare soup, Activity Clean, Activity Choose outfit
10, 0.2846269790023979, 0.31055867397310777, 0.23317236390649546, 0.3265471057693932, 0.0, 0.5084338995710694, 0.21631098552432176, 0.4314021474154618, 0.2505906558593341
20, 0.37928056403570654, 0.3339969611605914, 0.386130167651357, 0.47126460214813004, 0.004878048780487806, 0.652863440595475, 0.3771680809867488, 0.48152823720873156, 0.32641497375413053
30, 0.42664549054683104, 0.3898381915152589, 0.524257874309808, 0.5207295991924759, 0.012244897959183673, 0.6421276373671064, 0.41807662043868793, 0.5210361569017591, 0.38485294669036885
40, 0.43075602321805373, 0.3890892748293985, 0.5783400911452516, 0.5394268624774361, 0.011451612903225805, 0.6046360837589397, 0.3923408109275685, 0.5165554094836824, 0.4142080402189272
50, 0.42277401709670565, 0.3447267972754059, 0.5849116393801481, 0.5369066092051804, 0.008166666666666666, 0.5795793675008049, 0.39884609524954234, 0.49574536980911266, 0.43330959168678407
Average, 0.388816614779939, 0.35364197975075246, 0.46136242727861204, 0.47897495575852317, 0.007348245261912789, 0.5975280857586791, 0.36054851862537385, 0.4892534641637495, 0.36187524164190893
