Window Size, Global accuracy, Activity Make a phone call, Activity Wash hands, Activity Cook, Activity Eat, Activity Clean
10, 0.4361191808762813, 0.5561915817405112, 0.0, 0.534724753990725, 0.549137908015617, 0.5405416606345536
20, 0.5171426354547515, 0.5649121642987749, 0.3251406926406927, 0.5694580790810368, 0.5285779107640163, 0.5976243304892372
30, 0.5322238455682282, 0.5027027804448616, 0.3986139247008523, 0.6018945077470924, 0.542485899646143, 0.6154221153021918
40, 0.5403894655311228, 0.480970512675459, 0.3743782305100114, 0.6390363066473826, 0.5842553075357984, 0.6233069702869625
50, 0.5321723912719782, 0.3439636021635647, 0.3869940464890997, 0.6829003485072519, 0.5815968451119164, 0.6654071140880579
Average, 0.5116095037404724, 0.48974812826463426, 0.29702537886813124, 0.6056027991946978, 0.5572107742146983, 0.6084604381602007
