Window Size, Global accuracy, Activity Fill medication dispenser, Activity Wash DVD, Activity Water plants, Activity Answer the phone, Activity Prepare birthday card, Activity Prepare soup, Activity Clean, Activity Choose outfit
5, 0.17171092796092796, 0.15384615384615385, 0.08888888888888889, 0.0, 0.0, 0.39285714285714285, 0.0, 0.7380952380952381, 0.0
12, 0.39346001221001226, 0.5897435897435898, 0.35555555555555557, 0.0, 0.0, 0.5, 0.2857142857142857, 0.8333333333333334, 0.5833333333333334
19, 0.45162601175706013, 0.5641025641025641, 0.4, 0.1935483870967742, 0.0, 0.5, 0.5, 0.8095238095238095, 0.6458333333333334
26, 0.43944283203355783, 0.5641025641025641, 0.36666666666666664, 0.4032258064516129, 0.0, 0.42857142857142855, 0.42857142857142855, 0.7619047619047619, 0.5625
33, 0.4428135336490413, 0.6764705882352942, 0.35555555555555557, 0.6774193548387096, 0.0, 0.4642857142857143, 0.15151515151515152, 0.7380952380952381, 0.4791666666666667
Average, 0.37981066352211984, 0.5096530920060331, 0.31333333333333335, 0.2548387096774193, 0.0, 0.45714285714285713, 0.27316017316017316, 0.7761904761904763, 0.4541666666666667
