Window Size, Global accuracy, Activity Make a phone call, Activity Wash hands, Activity Cook, Activity Eat, Activity Clean
10, 0.6151769667191942, 0.6444753598424992, 0.4743863863863864, 0.7573930835103349, 0.7209270631193274, 0.47870294073742353
20, 0.6797240618236657, 0.6014662432226857, 0.6382769564986576, 0.8368124621425842, 0.645, 0.6770646472544007
30, 0.7161948200013457, 0.636195765081434, 0.5684237924471629, 0.8623693145503186, 0.7869369081211187, 0.7270483198066948
40, 0.685052261541202, 0.6342843299535917, 0.5048995338689837, 0.8510279669075956, 0.7107320596176432, 0.7243174173581958
50, 0.6605242638603883, 0.6198465347288877, 0.5265000637127496, 0.8431364717063674, 0.6222556367079694, 0.6908826124459673
Average, 0.6713344747891592, 0.6272536465658197, 0.542497346582788, 0.83014785976344, 0.6971703335132118, 0.6596031875205364
