Window Size, Global accuracy, Activity Make a phone call, Activity Wash hands, Activity Cook, Activity Eat, Activity Clean
5, 0.33999999999999997, 0.0, 0.0, 1.0, 0.7, 0.0
12, 0.3495238095238095, 0.0, 0.0, 1.0, 0.7, 0.047619047619047616
19, 0.3780952380952381, 0.0, 0.0, 1.0, 0.7, 0.19047619047619047
26, 0.4211904761904762, 0.0, 0.125, 1.0, 0.6, 0.38095238095238093
33, 0.4557142857142857, 0.0, 0.25, 1.0, 0.6, 0.42857142857142855
Average, 0.38890476190476186, 0.0, 0.075, 1.0, 0.6599999999999999, 0.20952380952380953
