Window Size, Global accuracy, Activity Fill medication dispenser, Activity Wash DVD, Activity Water plants, Activity Answer the phone, Activity Prepare birthday card, Activity Prepare soup, Activity Clean, Activity Choose outfit
10, 0.3827359825026006, 0.3200043529801976, 0.3662510860423574, 0.4031309118645095, 0.0, 0.5950259219253929, 0.25742392994512625, 0.5473678343917902, 0.5726838228714313
20, 0.4591131919476966, 0.35785579424534597, 0.4678704909389843, 0.590985526998279, 0.01001977587343441, 0.6792497620760691, 0.4578187842335021, 0.36919604206069045, 0.7399093591552679
30, 0.4684507447929981, 0.5237400866507353, 0.4728866443249829, 0.715376813018463, 0.06316059842322873, 0.6953811141475383, 0.3098843131938688, 0.34058324253892863, 0.6265931460462385
40, 0.4608682910938991, 0.6344121517332918, 0.43239985928831304, 0.7491891600479771, 0.12469927191457682, 0.710836870956791, 0.17126747394556763, 0.333523678843411, 0.5306178620212643
50, 0.4637806092231358, 0.6062532775193338, 0.40829754573219346, 0.7390558870258165, 0.19047608335112992, 0.7027418635259122, 0.1881833849199162, 0.3558420150032603, 0.5193948167075249
Average, 0.446989763912066, 0.48845313262578094, 0.4295411252653662, 0.639547659791009, 0.07767114591247397, 0.6766471065263407, 0.27691557724759613, 0.38930256256761614, 0.5978398013603453
