Window Sizes,Accuracy
10,0.5398531117124081
20,0.5674064535676412
30,0.5821973881480312
40,0.6086666523457638
50,0.6389566782765232
Average,0.5874160568100736
