Window Size, Global accuracy, Activity Make a phone call, Activity Wash hands, Activity Cook, Activity Eat, Activity Clean
10, 0.5283455792235732, 0.920548487968639, 0.2653630155139316, 0.9397999947282372, 0.3327486606847072, 0.1832677372223512
20, 0.6511361140627777, 0.9947507331378299, 0.5273194703338309, 0.9715837618979357, 0.11229052455012531, 0.6497360803941666
30, 0.717484784771673, 0.9878839553839553, 0.7039173603750264, 0.947193920290864, 0.17533299247692213, 0.7730956953315967
40, 0.7176318549264228, 0.9781403508771931, 0.7252324917986022, 0.9057306488697006, 0.20225238918061827, 0.7768033939059998
50, 0.7300136016374871, 1.0, 0.7362707953955973, 0.8964071084702999, 0.26036530435341676, 0.7570247999681208
Average, 0.6689223869243868, 0.9762647054735234, 0.5916206266833977, 0.9321430868514076, 0.21659797424915794, 0.6279855413644471
