Window Sizes,Accuracy
10,0.41378116867228687
20,0.46889133682202955
30,0.46799498248838767
40,0.456034646067061
50,0.45839135459880176
Average,0.45301869772971337
