Window Sizes,Accuracy
10,0.6661070122070778
20,0.668237539766702
30,0.6705387437860018
40,0.6844081170877012
50,0.7050675067506751
Average,0.6788717839196317
