Window Size, Global accuracy, Activity Make a phone call, Activity Wash hands, Activity Cook, Activity Eat, Activity Clean
10, 0.4210214505699718, 0.6619168526655302, 0.1203106697224344, 0.7948590372922292, 0.3565907288657176, 0.1714299643039477
20, 0.49775811559826566, 0.6937179668356146, 0.28899158290515053, 0.8328164249771998, 0.3763869997894481, 0.2968776034839159
30, 0.5318017985722685, 0.659713750689203, 0.3871740682745852, 0.8546716181781315, 0.37541453746162057, 0.38203501825780267
40, 0.5551538242772793, 0.6342178999924991, 0.43488641990444316, 0.8653346920632041, 0.42212804629489586, 0.4192020631313542
50, 0.5787767736374252, 0.6118034117874236, 0.4323308978713884, 0.8808878952868063, 0.48499199523087066, 0.48386966801063724
Average, 0.5169023925310421, 0.652273976394054, 0.3327387277356003, 0.8457139335595141, 0.4031024615285105, 0.3506828634375315
