Window Size, Global accuracy, Activity Make a phone call, Activity Wash hands, Activity Cook, Activity Eat, Activity Clean
5, 0.25575225416607655, 0.0, 0.0, 0.8729641693811074, 0.40579710144927533, 0.0
12, 0.2756585879873551, 0.0, 0.0, 0.9178082191780821, 0.3835616438356165, 0.07692307692307693
19, 0.3270793284634115, 0.0, 0.0, 0.9273356401384083, 0.4117647058823529, 0.2962962962962963
26, 0.41929336462443423, 0.0, 0.2222222222222222, 0.9370629370629371, 0.4210526315789474, 0.5161290322580645
33, 0.47789929328621905, 0.0, 0.4, 0.9469964664310955, 0.48, 0.5625
Average, 0.35113656570549934, 0.0, 0.12444444444444444, 0.9204334864383261, 0.42043521654923843, 0.29036968109548755
