Window Size, Global accuracy, Activity Fill medication dispenser, Activity Wash DVD, Activity Water plants, Activity Answer the phone, Activity Prepare birthday card, Activity Prepare soup, Activity Clean, Activity Choose outfit
5, 0.11358632052229614, 0.25, 0.20833333333333334, 0.0, 0.0, 0.36363636363636365, 0.0, 0.08672086720867209, 0.0
12, 0.14964643520317833, 0.0, 0.2777777777777778, 0.0, 0.0, 0.3, 0.12903225806451613, 0.09036144578313253, 0.4
19, 0.19809722994685453, 0.0, 0.6388888888888888, 0.0, 0.0, 0.27586206896551724, 0.15625, 0.10752688172043011, 0.40625
26, 0.34711004605025747, 0.0, 0.8636363636363636, 1.0, 0.0, 0.4, 0.07692307692307693, 0.13807531380753138, 0.2982456140350877
33, 0.5078450965701413, 1.0, 0.9333333333333333, 1.0, 0.0, 0.5625, 0.10526315789473684, 0.1780821917808219, 0.2835820895522388
Average, 0.26325702565854553, 0.25, 0.5843939393939394, 0.4, 0.0, 0.38039968652037615, 0.09349369857646597, 0.12015334006011762, 0.2776155407174653
