Window Sizes,Accuracy
10,0.6937181320856868
20,0.7553867003499908
30,0.7759361891202354
40,0.7535965434730365
50,0.7544811997292118
Average,0.7466237529516322
