Window Sizes,Accuracy
10,0.3429328024556799
20,0.42275199879743325
30,0.47840954817556325
40,0.4939903491969943
50,0.4919799442772514
Average,0.4460129285805844
