Window Size, Global accuracy, Activity Fill medication dispenser, Activity Wash DVD, Activity Water plants, Activity Answer the phone, Activity Prepare birthday card, Activity Prepare soup, Activity Clean, Activity Choose outfit
10, 0.4320764820253098, 0.6111897920087574, 0.5644012417156131, 0.3383861872627055, 0.0, 0.8080333693766188, 0.5319579150527336, 0.39443041553238034, 0.20821293525366952
20, 0.4666224893407726, 0.6104110704110705, 0.5799749430201356, 0.42143593782197986, 0.075, 0.6888658941880133, 0.5264864385083483, 0.6031913419739039, 0.22761428880273002
30, 0.47028159199499003, 0.47479435003391446, 0.5791341875570363, 0.3866831073042744, 0.2565018315018315, 0.6245681580663642, 0.501620253021627, 0.6752573617421652, 0.26369348673270754
40, 0.4688979278475614, 0.41175764028550355, 0.5527111341146776, 0.3713173490196009, 0.33825211424282636, 0.552616012983745, 0.5761614655761661, 0.6639732158504458, 0.284394490707526
50, 0.47603630692477417, 0.3631598014771806, 0.5243075409723863, 0.3911849115756436, 0.41868644378908215, 0.4801151091998134, 0.6410208904367944, 0.6767278343518672, 0.3130879235954257
Average, 0.4627829596266816, 0.4942625308432853, 0.5601058094759698, 0.38180149859684087, 0.217688077906748, 0.6308397087629108, 0.5554493925191339, 0.6027160338901525, 0.2594006250184117
