Window Size, Global accuracy, Activity Fill medication dispenser, Activity Wash DVD, Activity Water plants, Activity Answer the phone, Activity Prepare birthday card, Activity Prepare soup, Activity Clean, Activity Choose outfit
5, 0.07624358596372105, 0.04651162790697674, 0.08771929824561403, 0.0, 0.0, 0.32, 0.0, 0.15571776155717762, 0.0
12, 0.09235461572232975, 0.0, 0.09259259259259257, 0.0, 0.0, 0.3103448275862069, 0.1, 0.16042780748663102, 0.07547169811320754
19, 0.16160401780636655, 0.0, 0.36507936507936506, 0.0, 0.0, 0.28070175438596495, 0.13513513513513511, 0.18691588785046728, 0.325
26, 0.20845167430451733, 0.0, 0.5671641791044777, 0.031746031746031744, 0.0, 0.4444444444444445, 0.06557377049180328, 0.23487544483985767, 0.3238095238095238
33, 0.2990597623770844, 0.21052631578947367, 0.6222222222222223, 0.2535211267605634, 0.0, 0.6000000000000001, 0.07692307692307693, 0.29885057471264365, 0.33043478260869563
Average, 0.16754273123480384, 0.05140758873929008, 0.3469555314488543, 0.057053431701319025, 0.0, 0.3910982052833233, 0.07552639651000306, 0.20735749528935546, 0.2109432009062854
