Window Size, Global accuracy, Activity Make a phone call, Activity Wash hands, Activity Cook, Activity Eat, Activity Clean
10, 0.43129630194274904, 0.8399560542831059, 0.0, 0.8923398750169428, 0.09077636837449705, 0.33340921203919943
20, 0.4811189401358654, 0.8593167329037865, 0.09057445919943935, 0.905833355904129, 0.13637225547805537, 0.4134978971939175
30, 0.5173828714947135, 0.8696646881224603, 0.18302046458557336, 0.9068094128432754, 0.18929440601089578, 0.43812538591136196
40, 0.5600289017795406, 0.9124089726698422, 0.20435242874545106, 0.9079406410330056, 0.3088108981148329, 0.46663156833457026
50, 0.5926239754214416, 0.9195995670995671, 0.23796661120190535, 0.8975446142241189, 0.4108322174885305, 0.49717686709308573
Average, 0.5164901981548621, 0.8801892030157525, 0.14318279274647383, 0.9020935798042944, 0.22721722909336234, 0.42976818611442696
