Window Size, Global accuracy, Activity Fill medication dispenser, Activity Wash DVD, Activity Water plants, Activity Answer the phone, Activity Prepare birthday card, Activity Prepare soup, Activity Clean, Activity Choose outfit
10, 0.28333066888704117, 0.21581395439965528, 0.15965048347245897, 0.3144194689878187, 0.0, 0.41756978138269363, 0.14042968223813126, 0.7403350990074745, 0.27842688160809714
20, 0.3818790862696336, 0.23827147444544233, 0.32172285980553644, 0.43229291472226394, 0.0025, 0.6597878869512264, 0.2837447855508862, 0.6725360686753501, 0.44417670000636383
30, 0.44185393001967455, 0.30993915379704357, 0.47730111768364514, 0.49104696476293136, 0.006431159420289855, 0.7676340336082258, 0.3401961409583707, 0.6117051508963705, 0.5305777190305199
40, 0.4553796361320453, 0.3307654376715297, 0.5720131188773687, 0.5106563402795846, 0.006226053639846743, 0.8048978712161651, 0.33654600083310865, 0.53763397902089, 0.5442982875178678
50, 0.45643097071350835, 0.30862686349246266, 0.6088742873988264, 0.49849007793645306, 0.004301572617946346, 0.8301568816597257, 0.3624966612133992, 0.47966071032858115, 0.5588407110606725
Average, 0.4037748584043806, 0.28068337676122673, 0.42791237344756716, 0.44938115333781037, 0.0038917571356165887, 0.6960092909636073, 0.29268265415877914, 0.6083742015857332, 0.47126405984470426
