Window Sizes,Accuracy
10,0.6123179927486264
20,0.6019356157047699
30,0.591118010879555
40,0.5911679892230947
50,0.589397881642202
Average,0.5971874980396495
